date,name,fwd_ret
2024-01-02,N000,-0.015533
2024-01-02,N001,-0.001599
2024-01-02,N002,-0.005855
2024-01-02,N003,-0.016380
2024-01-02,N004,-0.022583
2024-01-02,N005,0.031935
2024-01-02,N006,0.021705
2024-01-02,N007,-0.022312
2024-01-02,N008,-0.012870
2024-01-02,N009,0.015444
2024-01-02,N010,-0.012344
2024-01-02,N011,0.002149
2024-01-02,N012,-0.005393
2024-01-02,N013,-0.030417
2024-01-02,N014,-0.012617
2024-01-02,N015,0.004495
2024-01-02,N016,-0.004860
2024-01-02,N017,-0.003949
2024-01-02,N018,-0.020478
2024-01-02,N019,-0.009065
2024-01-02,N020,-0.027760
2024-01-02,N021,-0.046400
2024-01-02,N022,-0.033007
2024-01-02,N023,-0.017245
2024-01-02,N024,0.010638
2024-01-02,N025,0.019095
2024-01-02,N026,0.016734
2024-01-02,N027,-0.013429
2024-01-02,N028,-0.024988
2024-01-02,N029,0.020355
2024-01-02,N030,-0.042028
2024-01-02,N031,-0.006535
2024-01-02,N032,0.009537
2024-01-02,N033,-0.027280
2024-01-02,N034,0.015640
2024-01-02,N035,0.018381
2024-01-02,N036,0.019262
2024-01-02,N037,-0.009133
2024-01-02,N038,0.014914
2024-01-02,N039,0.009486
2024-01-02,N040,0.028529
2024-01-02,N041,0.013953
2024-01-02,N042,0.002382
2024-01-02,N043,-0.010491
2024-01-02,N044,-0.021786
2024-01-02,N045,0.011248
2024-01-02,N046,0.001423
2024-01-02,N047,-0.009697
2024-01-02,N048,0.032176
2024-01-02,N049,0.003542
2024-01-02,N050,-0.022060
2024-01-02,N051,0.018868
2024-01-02,N052,0.006687
2024-01-02,N053,-0.007099
2024-01-02,N054,-0.016030
2024-01-02,N055,-0.042052
2024-01-02,N056,0.000448
2024-01-02,N057,-0.013905
2024-01-02,N058,-0.002011
2024-01-02,N059,-0.019914
2024-01-02,N060,0.008680
2024-01-02,N061,-0.033780
2024-01-02,N062,0.002433
2024-01-02,N063,-0.011640
2024-01-02,N064,-0.000149
2024-01-02,N065,0.009026
2024-01-02,N066,-0.008106
2024-01-02,N067,0.013783
2024-01-02,N068,0.021314
2024-01-02,N069,0.004481
2024-01-02,N070,0.019293
2024-01-02,N071,-0.010767
2024-01-02,N072,-0.004686
2024-01-02,N073,0.035619
2024-01-02,N074,0.003173
2024-01-02,N075,0.004966
2024-01-02,N076,-0.017014
2024-01-02,N077,-0.000548
2024-01-02,N078,-0.011497
2024-01-02,N079,-0.019634
2024-01-02,N080,0.026037
2024-01-02,N081,0.001403
2024-01-02,N082,-0.015043
2024-01-02,N083,-0.012901
2024-01-02,N084,0.006775
2024-01-02,N085,0.021429
2024-01-02,N086,-0.037567
2024-01-02,N087,0.001103
2024-01-02,N088,-0.062438
2024-01-02,N089,-0.000117
2024-01-02,N090,-0.009210
2024-01-02,N091,0.022567
2024-01-02,N092,-0.006333
2024-01-02,N093,-0.007119
2024-01-02,N094,0.027035
2024-01-02,N095,0.009731
2024-01-02,N096,0.025572
2024-01-02,N097,-0.013937
2024-01-02,N098,0.016917
2024-01-02,N099,-0.037115
2024-01-02,N100,-0.002962
2024-01-02,N101,-0.007459
2024-01-02,N102,0.011586
2024-01-02,N103,-0.000168
2024-01-02,N104,-0.015965
2024-01-02,N105,0.025621
2024-01-02,N106,0.012773
2024-01-02,N107,0.006613
2024-01-02,N108,-0.004794
2024-01-02,N109,-0.000798
2024-01-02,N110,-0.027417
2024-01-02,N111,-0.010490
2024-01-02,N112,-0.007465
2024-01-02,N113,0.015486
2024-01-02,N114,0.002085
2024-01-02,N115,0.019980
2024-01-02,N116,-0.001386
2024-01-02,N117,-0.019451
2024-01-02,N118,-0.011110
2024-01-02,N119,0.009859
2024-01-03,N000,-0.027645
2024-01-03,N001,0.028427
2024-01-03,N002,-0.005914
2024-01-03,N003,-0.011710
2024-01-03,N004,0.018591
2024-01-03,N005,0.021814
2024-01-03,N006,0.002299
2024-01-03,N007,-0.006336
2024-01-03,N008,-0.013807
2024-01-03,N009,-0.063389
2024-01-03,N010,-0.000975
2024-01-03,N011,0.028009
2024-01-03,N012,0.015841
2024-01-03,N013,-0.014424
2024-01-03,N014,-0.009828
2024-01-03,N015,0.030574
2024-01-03,N016,-0.004897
2024-01-03,N017,0.035666
2024-01-03,N018,-0.026321
2024-01-03,N019,-0.025140
2024-01-03,N020,-0.007722
2024-01-03,N021,-0.017963
2024-01-03,N022,0.011814
2024-01-03,N023,0.004164
2024-01-03,N024,-0.013575
2024-01-03,N025,-0.018671
2024-01-03,N026,-0.004684
2024-01-03,N027,-0.027950
2024-01-03,N028,-0.028968
2024-01-03,N029,0.029821
2024-01-03,N030,0.005890
2024-01-03,N031,0.027285
2024-01-03,N032,-0.010192
2024-01-03,N033,-0.001399
2024-01-03,N034,-0.027048
2024-01-03,N035,0.001671
2024-01-03,N036,0.030669
2024-01-03,N037,0.010038
2024-01-03,N038,-0.009318
2024-01-03,N039,-0.023947
2024-01-03,N040,0.010203
2024-01-03,N041,-0.011870
2024-01-03,N042,-0.039237
2024-01-03,N043,-0.008652
2024-01-03,N044,0.032277
2024-01-03,N045,-0.001481
2024-01-03,N046,0.009181
2024-01-03,N047,0.028430
2024-01-03,N048,0.033475
2024-01-03,N049,-0.033723
2024-01-03,N050,-0.002284
2024-01-03,N051,0.035995
2024-01-03,N052,-0.006764
2024-01-03,N053,-0.015693
2024-01-03,N054,0.030037
2024-01-03,N055,0.018319
2024-01-03,N056,-0.005814
2024-01-03,N057,0.001918
2024-01-03,N058,-0.023360
2024-01-03,N059,0.011668
2024-01-03,N060,0.016917
2024-01-03,N061,-0.040371
2024-01-03,N062,-0.012261
2024-01-03,N063,0.016640
2024-01-03,N064,-0.032967
2024-01-03,N065,-0.030528
2024-01-03,N066,-0.002933
2024-01-03,N067,-0.001928
2024-01-03,N068,-0.010393
2024-01-03,N069,-0.002294
2024-01-03,N070,-0.017557
2024-01-03,N071,-0.010698
2024-01-03,N072,0.014840
2024-01-03,N073,-0.013083
2024-01-03,N074,0.002530
2024-01-03,N075,-0.015284
2024-01-03,N076,0.000285
2024-01-03,N077,-0.024571
2024-01-03,N078,-0.015192
2024-01-03,N079,0.029501
2024-01-03,N080,-0.017523
2024-01-03,N081,-0.016248
2024-01-03,N082,-0.008438
2024-01-03,N083,0.001576
2024-01-03,N084,0.018257
2024-01-03,N085,-0.018453
2024-01-03,N086,-0.013420
2024-01-03,N087,0.006945
2024-01-03,N088,0.017674
2024-01-03,N089,-0.011707
2024-01-03,N090,-0.020588
2024-01-03,N091,0.038322
2024-01-03,N092,0.014003
2024-01-03,N093,-0.028188
2024-01-03,N094,-0.029463
2024-01-03,N095,-0.011533
2024-01-03,N096,-0.006928
2024-01-03,N097,0.030372
2024-01-03,N098,-0.032662
2024-01-03,N099,-0.004556
2024-01-03,N100,0.024884
2024-01-03,N101,-0.020428
2024-01-03,N102,-0.026164
2024-01-03,N103,-0.037160
2024-01-03,N104,0.017786
2024-01-03,N105,-0.011331
2024-01-03,N106,0.016362
2024-01-03,N107,0.010130
2024-01-03,N108,-0.001490
2024-01-03,N109,-0.008837
2024-01-03,N110,0.007919
2024-01-03,N111,0.008645
2024-01-03,N112,0.040469
2024-01-03,N113,-0.009138
2024-01-03,N114,-0.026487
2024-01-03,N115,-0.022866
2024-01-03,N116,-0.004685
2024-01-03,N117,0.005086
2024-01-03,N118,-0.012885
2024-01-03,N119,0.010859
2024-01-04,N000,0.018410
2024-01-04,N001,0.033576
2024-01-04,N002,-0.034694
2024-01-04,N003,-0.014544
2024-01-04,N004,0.025476
2024-01-04,N005,-0.021215
2024-01-04,N006,0.004106
2024-01-04,N007,-0.027270
2024-01-04,N008,-0.032040
2024-01-04,N009,0.004149
2024-01-04,N010,0.021351
2024-01-04,N011,0.024401
2024-01-04,N012,-0.023322
2024-01-04,N013,-0.041757
2024-01-04,N014,0.002306
2024-01-04,N015,-0.024988
2024-01-04,N016,0.011356
2024-01-04,N017,-0.008928
2024-01-04,N018,0.043568
2024-01-04,N019,-0.003607
2024-01-04,N020,-0.000194
2024-01-04,N021,-0.009820
2024-01-04,N022,-0.002937
2024-01-04,N023,0.008007
2024-01-04,N024,0.039653
2024-01-04,N025,-0.036753
2024-01-04,N026,-0.039902
2024-01-04,N027,0.011019
2024-01-04,N028,0.002909
2024-01-04,N029,0.037964
2024-01-04,N030,0.023664
2024-01-04,N031,0.054492
2024-01-04,N032,0.001039
2024-01-04,N033,0.032012
2024-01-04,N034,0.000415
2024-01-04,N035,0.022369
2024-01-04,N036,-0.030593
2024-01-04,N037,0.001547
2024-01-04,N038,0.013547
2024-01-04,N039,-0.017350
2024-01-04,N040,-0.033518
2024-01-04,N041,-0.007318
2024-01-04,N042,0.001467
2024-01-04,N043,-0.023402
2024-01-04,N044,0.000388
2024-01-04,N045,0.016105
2024-01-04,N046,-0.009625
2024-01-04,N047,-0.051823
2024-01-04,N048,-0.018944
2024-01-04,N049,0.030802
2024-01-04,N050,-0.022287
2024-01-04,N051,0.051512
2024-01-04,N052,-0.008060
2024-01-04,N053,-0.003788
2024-01-04,N054,-0.017489
2024-01-04,N055,0.006945
2024-01-04,N056,-0.030272
2024-01-04,N057,-0.004945
2024-01-04,N058,-0.007869
2024-01-04,N059,0.013371
2024-01-04,N060,-0.004053
2024-01-04,N061,-0.004951
2024-01-04,N062,-0.014862
2024-01-04,N063,0.015585
2024-01-04,N064,0.005053
2024-01-04,N065,0.011035
2024-01-04,N066,0.008086
2024-01-04,N067,-0.028785
2024-01-04,N068,-0.016658
2024-01-04,N069,0.035232
2024-01-04,N070,-0.018009
2024-01-04,N071,0.010991
2024-01-04,N072,0.014025
2024-01-04,N073,-0.010912
2024-01-04,N074,-0.012850
2024-01-04,N075,-0.016576
2024-01-04,N076,0.002997
2024-01-04,N077,-0.014658
2024-01-04,N078,-0.005098
2024-01-04,N079,0.009692
2024-01-04,N080,0.013604
2024-01-04,N081,-0.008742
2024-01-04,N082,-0.031416
2024-01-04,N083,0.010685
2024-01-04,N084,-0.011048
2024-01-04,N085,0.008347
2024-01-04,N086,-0.003839
2024-01-04,N087,-0.014062
2024-01-04,N088,0.004460
2024-01-04,N089,0.021104
2024-01-04,N090,-0.008688
2024-01-04,N091,-0.010031
2024-01-04,N092,0.011392
2024-01-04,N093,0.004173
2024-01-04,N094,-0.027175
2024-01-04,N095,0.052854
2024-01-04,N096,0.010665
2024-01-04,N097,-0.035058
2024-01-04,N098,-0.002211
2024-01-04,N099,0.010851
2024-01-04,N100,0.031368
2024-01-04,N101,-0.006814
2024-01-04,N102,0.040436
2024-01-04,N103,0.012884
2024-01-04,N104,-0.003972
2024-01-04,N105,0.003403
2024-01-04,N106,0.028755
2024-01-04,N107,-0.014190
2024-01-04,N108,-0.021871
2024-01-04,N109,0.003451
2024-01-04,N110,0.041950
2024-01-04,N111,-0.016500
2024-01-04,N112,-0.024714
2024-01-04,N113,0.009078
2024-01-04,N114,0.023158
2024-01-04,N115,-0.005518
2024-01-04,N116,0.036633
2024-01-04,N117,-0.023749
2024-01-04,N118,-0.008665
2024-01-04,N119,0.017685
2024-01-05,N000,0.012444
2024-01-05,N001,-0.031233
2024-01-05,N002,0.001560
2024-01-05,N003,0.000191
2024-01-05,N004,-0.001968
2024-01-05,N005,0.031899
2024-01-05,N006,-0.002463
2024-01-05,N007,-0.023062
2024-01-05,N008,0.037754
2024-01-05,N009,0.024299
2024-01-05,N010,0.012917
2024-01-05,N011,0.032417
2024-01-05,N012,0.028324
2024-01-05,N013,-0.019251
2024-01-05,N014,0.029732
2024-01-05,N015,0.014839
2024-01-05,N016,-0.016019
2024-01-05,N017,-0.012261
2024-01-05,N018,0.008361
2024-01-05,N019,0.012640
2024-01-05,N020,-0.018851
2024-01-05,N021,-0.022388
2024-01-05,N022,-0.012288
2024-01-05,N023,0.002782
2024-01-05,N024,0.006704
2024-01-05,N025,-0.005084
2024-01-05,N026,-0.003490
2024-01-05,N027,0.000975
2024-01-05,N028,-0.007253
2024-01-05,N029,-0.007189
2024-01-05,N030,0.018905
2024-01-05,N031,-0.003137
2024-01-05,N032,0.027597
2024-01-05,N033,0.015595
2024-01-05,N034,0.013589
2024-01-05,N035,0.011242
2024-01-05,N036,0.027080
2024-01-05,N037,0.022740
2024-01-05,N038,0.008030
2024-01-05,N039,0.022696
2024-01-05,N040,0.016851
2024-01-05,N041,-0.016740
2024-01-05,N042,0.004486
2024-01-05,N043,-0.036056
2024-01-05,N044,-0.014396
2024-01-05,N045,-0.017970
2024-01-05,N046,-0.005375
2024-01-05,N047,0.025176
2024-01-05,N048,0.028770
2024-01-05,N049,0.014962
2024-01-05,N050,0.005202
2024-01-05,N051,0.021177
2024-01-05,N052,0.003808
2024-01-05,N053,0.022793
2024-01-05,N054,0.011472
2024-01-05,N055,-0.024006
2024-01-05,N056,0.006167
2024-01-05,N057,-0.024794
2024-01-05,N058,-0.034085
2024-01-05,N059,0.031038
2024-01-05,N060,0.013772
2024-01-05,N061,0.035963
2024-01-05,N062,0.027401
2024-01-05,N063,-0.033350
2024-01-05,N064,0.012164
2024-01-05,N065,-0.034329
2024-01-05,N066,0.015539
2024-01-05,N067,0.022965
2024-01-05,N068,-0.029734
2024-01-05,N069,0.012893
2024-01-05,N070,0.022857
2024-01-05,N071,-0.022307
2024-01-05,N072,-0.000344
2024-01-05,N073,-0.003465
2024-01-05,N074,-0.016605
2024-01-05,N075,0.017923
2024-01-05,N076,-0.011697
2024-01-05,N077,0.023259
2024-01-05,N078,-0.020235
2024-01-05,N079,0.061046
2024-01-05,N080,-0.034815
2024-01-05,N081,-0.006687
2024-01-05,N082,-0.012006
2024-01-05,N083,0.015911
2024-01-05,N084,-0.016362
2024-01-05,N085,-0.015416
2024-01-05,N086,-0.002100
2024-01-05,N087,-0.010258
2024-01-05,N088,0.011030
2024-01-05,N089,0.024365
2024-01-05,N090,0.002526
2024-01-05,N091,0.018210
2024-01-05,N092,-0.000848
2024-01-05,N093,0.014778
2024-01-05,N094,-0.008959
2024-01-05,N095,-0.003889
2024-01-05,N096,0.012797
2024-01-05,N097,0.014583
2024-01-05,N098,-0.014030
2024-01-05,N099,-0.000552
2024-01-05,N100,-0.018483
2024-01-05,N101,0.013253
2024-01-05,N102,0.007729
2024-01-05,N103,0.038692
2024-01-05,N104,-0.005519
2024-01-05,N105,0.049736
2024-01-05,N106,-0.002609
2024-01-05,N107,0.007722
2024-01-05,N108,0.022805
2024-01-05,N109,-0.001089
2024-01-05,N110,-0.012368
2024-01-05,N111,0.003532
2024-01-05,N112,-0.026156
2024-01-05,N113,0.006978
2024-01-05,N114,0.050335
2024-01-05,N115,-0.006328
2024-01-05,N116,-0.001544
2024-01-05,N117,-0.002095
2024-01-05,N118,-0.021536
2024-01-05,N119,0.010949
2024-01-08,N000,0.006849
2024-01-08,N001,-0.006013
2024-01-08,N002,0.002893
2024-01-08,N003,-0.036235
2024-01-08,N004,0.031304
2024-01-08,N005,0.012345
2024-01-08,N006,-0.009528
2024-01-08,N007,-0.035945
2024-01-08,N008,-0.002565
2024-01-08,N009,-0.006149
2024-01-08,N010,0.001241
2024-01-08,N011,-0.004015
2024-01-08,N012,0.017809
2024-01-08,N013,-0.017648
2024-01-08,N014,-0.017153
2024-01-08,N015,-0.002235
2024-01-08,N016,0.017119
2024-01-08,N017,-0.022938
2024-01-08,N018,-0.048782
2024-01-08,N019,-0.018210
2024-01-08,N020,0.010122
2024-01-08,N021,0.014321
2024-01-08,N022,-0.035475
2024-01-08,N023,-0.000758
2024-01-08,N024,0.037686
2024-01-08,N025,0.003730
2024-01-08,N026,-0.006221
2024-01-08,N027,-0.022100
2024-01-08,N028,0.016119
2024-01-08,N029,0.003298
2024-01-08,N030,0.026742
2024-01-08,N031,0.023852
2024-01-08,N032,-0.014383
2024-01-08,N033,0.015862
2024-01-08,N034,0.017343
2024-01-08,N035,0.029093
2024-01-08,N036,-0.000765
2024-01-08,N037,-0.025782
2024-01-08,N038,0.018981
2024-01-08,N039,-0.002790
2024-01-08,N040,-0.008363
2024-01-08,N041,0.015707
2024-01-08,N042,0.028385
2024-01-08,N043,-0.019822
2024-01-08,N044,-0.023863
2024-01-08,N045,-0.003438
2024-01-08,N046,-0.000748
2024-01-08,N047,-0.022739
2024-01-08,N048,-0.012187
2024-01-08,N049,-0.030174
2024-01-08,N050,-0.023329
2024-01-08,N051,-0.007153
2024-01-08,N052,-0.010402
2024-01-08,N053,0.029916
2024-01-08,N054,-0.005968
2024-01-08,N055,0.000794
2024-01-08,N056,0.018829
2024-01-08,N057,0.011556
2024-01-08,N058,-0.005627
2024-01-08,N059,0.024438
2024-01-08,N060,-0.007708
2024-01-08,N061,-0.005833
2024-01-08,N062,-0.007102
2024-01-08,N063,0.003748
2024-01-08,N064,-0.024323
2024-01-08,N065,0.008686
2024-01-08,N066,0.016925
2024-01-08,N067,-0.035360
2024-01-08,N068,-0.003755
2024-01-08,N069,-0.001360
2024-01-08,N070,0.005848
2024-01-08,N071,0.023499
2024-01-08,N072,0.004764
2024-01-08,N073,0.004500
2024-01-08,N074,-0.002445
2024-01-08,N075,-0.016676
2024-01-08,N076,-0.004533
2024-01-08,N077,-0.002063
2024-01-08,N078,0.020288
2024-01-08,N079,-0.000355
2024-01-08,N080,0.041214
2024-01-08,N081,0.015250
2024-01-08,N082,0.012030
2024-01-08,N083,-0.032806
2024-01-08,N084,0.018234
2024-01-08,N085,0.025924
2024-01-08,N086,0.024421
2024-01-08,N087,0.007384
2024-01-08,N088,0.012345
2024-01-08,N089,0.017911
2024-01-08,N090,-0.028105
2024-01-08,N091,-0.011594
2024-01-08,N092,-0.009272
2024-01-08,N093,0.000241
2024-01-08,N094,-0.008945
2024-01-08,N095,0.044663
2024-01-08,N096,0.037490
2024-01-08,N097,0.004357
2024-01-08,N098,0.009664
2024-01-08,N099,-0.006954
2024-01-08,N100,0.010501
2024-01-08,N101,-0.007276
2024-01-08,N102,0.020220
2024-01-08,N103,0.009340
2024-01-08,N104,-0.009568
2024-01-08,N105,0.022597
2024-01-08,N106,0.016603
2024-01-08,N107,0.000522
2024-01-08,N108,0.005220
2024-01-08,N109,-0.002075
2024-01-08,N110,-0.002829
2024-01-08,N111,0.028461
2024-01-08,N112,0.031915
2024-01-08,N113,0.035348
2024-01-08,N114,0.004835
2024-01-08,N115,-0.025063
2024-01-08,N116,0.008238
2024-01-08,N117,0.008415
2024-01-08,N118,0.002085
2024-01-08,N119,0.008550
2024-01-09,N000,0.006811
2024-01-09,N001,-0.039788
2024-01-09,N002,0.040676
2024-01-09,N003,0.021428
2024-01-09,N004,0.019000
2024-01-09,N005,-0.033873
2024-01-09,N006,0.015945
2024-01-09,N007,0.008653
2024-01-09,N008,0.000240
2024-01-09,N009,0.001441
2024-01-09,N010,-0.009234
2024-01-09,N011,0.004571
2024-01-09,N012,-0.011765
2024-01-09,N013,-0.004389
2024-01-09,N014,-0.001429
2024-01-09,N015,-0.004282
2024-01-09,N016,-0.008207
2024-01-09,N017,0.006758
2024-01-09,N018,-0.022633
2024-01-09,N019,0.012270
2024-01-09,N020,0.029687
2024-01-09,N021,-0.028138
2024-01-09,N022,0.001194
2024-01-09,N023,0.018441
2024-01-09,N024,-0.010777
2024-01-09,N025,-0.004195
2024-01-09,N026,-0.024860
2024-01-09,N027,0.017942
2024-01-09,N028,0.008892
2024-01-09,N029,0.010809
2024-01-09,N030,-0.051054
2024-01-09,N031,-0.012529
2024-01-09,N032,0.001379
2024-01-09,N033,0.000285
2024-01-09,N034,-0.017752
2024-01-09,N035,-0.051267
2024-01-09,N036,0.007560
2024-01-09,N037,0.013097
2024-01-09,N038,0.001096
2024-01-09,N039,0.010058
2024-01-09,N040,-0.010283
2024-01-09,N041,-0.006911
2024-01-09,N042,0.033346
2024-01-09,N043,0.027965
2024-01-09,N044,0.038892
2024-01-09,N045,-0.002366
2024-01-09,N046,-0.028899
2024-01-09,N047,0.027110
2024-01-09,N048,0.010599
2024-01-09,N049,-0.005609
2024-01-09,N050,-0.013702
2024-01-09,N051,0.048824
2024-01-09,N052,0.004924
2024-01-09,N053,0.000807
2024-01-09,N054,-0.041237
2024-01-09,N055,0.001909
2024-01-09,N056,-0.021883
2024-01-09,N057,-0.003455
2024-01-09,N058,0.028587
2024-01-09,N059,-0.004211
2024-01-09,N060,-0.008242
2024-01-09,N061,0.005123
2024-01-09,N062,-0.035255
2024-01-09,N063,-0.008005
2024-01-09,N064,-0.028641
2024-01-09,N065,-0.009278
2024-01-09,N066,0.036115
2024-01-09,N067,0.010148
2024-01-09,N068,-0.005969
2024-01-09,N069,0.024961
2024-01-09,N070,-0.013231
2024-01-09,N071,-0.016828
2024-01-09,N072,0.031148
2024-01-09,N073,0.030742
2024-01-09,N074,-0.004053
2024-01-09,N075,0.052448
2024-01-09,N076,-0.004765
2024-01-09,N077,-0.003247
2024-01-09,N078,-0.004906
2024-01-09,N079,-0.007180
2024-01-09,N080,0.036891
2024-01-09,N081,-0.029389
2024-01-09,N082,0.020818
2024-01-09,N083,0.012354
2024-01-09,N084,0.006331
2024-01-09,N085,-0.011604
2024-01-09,N086,-0.027642
2024-01-09,N087,-0.012496
2024-01-09,N088,0.060539
2024-01-09,N089,0.002742
2024-01-09,N090,-0.029045
2024-01-09,N091,-0.004264
2024-01-09,N092,-0.004582
2024-01-09,N093,0.001041
2024-01-09,N094,-0.008729
2024-01-09,N095,-0.062145
2024-01-09,N096,-0.026038
2024-01-09,N097,-0.007398
2024-01-09,N098,-0.006512
2024-01-09,N099,-0.005776
2024-01-09,N100,0.007727
2024-01-09,N101,0.001278
2024-01-09,N102,-0.000794
2024-01-09,N103,0.004513
2024-01-09,N104,-0.038829
2024-01-09,N105,0.029798
2024-01-09,N106,-0.018512
2024-01-09,N107,0.030732
2024-01-09,N108,-0.013693
2024-01-09,N109,-0.039630
2024-01-09,N110,0.014689
2024-01-09,N111,0.010134
2024-01-09,N112,0.028066
2024-01-09,N113,0.010973
2024-01-09,N114,0.025062
2024-01-09,N115,-0.015764
2024-01-09,N116,-0.020184
2024-01-09,N117,-0.017245
2024-01-09,N118,-0.031475
2024-01-09,N119,-0.009428
2024-01-10,N000,-0.033233
2024-01-10,N001,-0.000991
2024-01-10,N002,0.006186
2024-01-10,N003,-0.010153
2024-01-10,N004,-0.022867
2024-01-10,N005,0.004203
2024-01-10,N006,-0.012048
2024-01-10,N007,-0.002884
2024-01-10,N008,0.014748
2024-01-10,N009,0.029663
2024-01-10,N010,0.002211
2024-01-10,N011,-0.000899
2024-01-10,N012,0.009058
2024-01-10,N013,-0.012908
2024-01-10,N014,0.000215
2024-01-10,N015,-0.013675
2024-01-10,N016,-0.007266
2024-01-10,N017,0.003919
2024-01-10,N018,0.016715
2024-01-10,N019,-0.021620
2024-01-10,N020,-0.010420
2024-01-10,N021,-0.050411
2024-01-10,N022,0.006624
2024-01-10,N023,0.012192
2024-01-10,N024,-0.039286
2024-01-10,N025,0.043002
2024-01-10,N026,0.008185
2024-01-10,N027,-0.009236
2024-01-10,N028,0.010856
2024-01-10,N029,0.017078
2024-01-10,N030,0.004765
2024-01-10,N031,-0.011417
2024-01-10,N032,-0.019817
2024-01-10,N033,-0.025442
2024-01-10,N034,0.013550
2024-01-10,N035,-0.030428
2024-01-10,N036,0.013134
2024-01-10,N037,-0.001794
2024-01-10,N038,0.018660
2024-01-10,N039,-0.000775
2024-01-10,N040,-0.008805
2024-01-10,N041,-0.012741
2024-01-10,N042,0.027928
2024-01-10,N043,-0.003058
2024-01-10,N044,-0.014082
2024-01-10,N045,0.001103
2024-01-10,N046,-0.021571
2024-01-10,N047,-0.003695
2024-01-10,N048,0.010621
2024-01-10,N049,0.010714
2024-01-10,N050,0.003092
2024-01-10,N051,0.003048
2024-01-10,N052,-0.025577
2024-01-10,N053,-0.000378
2024-01-10,N054,0.000163
2024-01-10,N055,-0.017044
2024-01-10,N056,-0.007401
2024-01-10,N057,0.020081
2024-01-10,N058,0.002162
2024-01-10,N059,-0.024110
2024-01-10,N060,0.026379
2024-01-10,N061,-0.004052
2024-01-10,N062,0.026231
2024-01-10,N063,0.002199
2024-01-10,N064,0.020521
2024-01-10,N065,0.058429
2024-01-10,N066,0.016952
2024-01-10,N067,-0.020290
2024-01-10,N068,-0.018113
2024-01-10,N069,0.000338
2024-01-10,N070,0.001751
2024-01-10,N071,0.009658
2024-01-10,N072,-0.013308
2024-01-10,N073,-0.041634
2024-01-10,N074,-0.029189
2024-01-10,N075,-0.049976
2024-01-10,N076,0.002866
2024-01-10,N077,-0.012134
2024-01-10,N078,0.004144
2024-01-10,N079,0.004907
2024-01-10,N080,-0.008472
2024-01-10,N081,-0.015444
2024-01-10,N082,0.012219
2024-01-10,N083,-0.010629
2024-01-10,N084,-0.026435
2024-01-10,N085,0.024223
2024-01-10,N086,0.003209
2024-01-10,N087,-0.033650
2024-01-10,N088,0.004204
2024-01-10,N089,-0.032332
2024-01-10,N090,0.009344
2024-01-10,N091,0.017645
2024-01-10,N092,0.018249
2024-01-10,N093,0.003889
2024-01-10,N094,-0.017255
2024-01-10,N095,0.003491
2024-01-10,N096,-0.011683
2024-01-10,N097,-0.012737
2024-01-10,N098,0.000568
2024-01-10,N099,-0.005361
2024-01-10,N100,0.030287
2024-01-10,N101,0.002539
2024-01-10,N102,-0.001113
2024-01-10,N103,-0.022987
2024-01-10,N104,-0.034580
2024-01-10,N105,0.010156
2024-01-10,N106,0.007620
2024-01-10,N107,0.001184
2024-01-10,N108,-0.007546
2024-01-10,N109,-0.031634
2024-01-10,N110,-0.024018
2024-01-10,N111,-0.005663
2024-01-10,N112,0.005179
2024-01-10,N113,-0.024789
2024-01-10,N114,-0.047839
2024-01-10,N115,-0.000001
2024-01-10,N116,-0.030399
2024-01-10,N117,0.015681
2024-01-10,N118,0.012131
2024-01-10,N119,0.009086
2024-01-11,N000,-0.004452
2024-01-11,N001,0.018708
2024-01-11,N002,-0.018743
2024-01-11,N003,0.013894
2024-01-11,N004,-0.003628
2024-01-11,N005,-0.020233
2024-01-11,N006,-0.021701
2024-01-11,N007,0.005037
2024-01-11,N008,0.014502
2024-01-11,N009,-0.023232
2024-01-11,N010,0.019862
2024-01-11,N011,-0.023589
2024-01-11,N012,0.001162
2024-01-11,N013,-0.038599
2024-01-11,N014,0.003139
2024-01-11,N015,-0.036413
2024-01-11,N016,0.027934
2024-01-11,N017,0.006920
2024-01-11,N018,0.020081
2024-01-11,N019,-0.002567
2024-01-11,N020,-0.024138
2024-01-11,N021,-0.017404
2024-01-11,N022,-0.003810
2024-01-11,N023,0.023823
2024-01-11,N024,0.012711
2024-01-11,N025,0.002079
2024-01-11,N026,-0.021312
2024-01-11,N027,-0.011634
2024-01-11,N028,0.008896
2024-01-11,N029,-0.030513
2024-01-11,N030,-0.006423
2024-01-11,N031,-0.017539
2024-01-11,N032,-0.032463
2024-01-11,N033,-0.016789
2024-01-11,N034,0.001262
2024-01-11,N035,-0.013132
2024-01-11,N036,0.008796
2024-01-11,N037,-0.005026
2024-01-11,N038,0.026170
2024-01-11,N039,-0.004644
2024-01-11,N040,-0.002028
2024-01-11,N041,-0.000716
2024-01-11,N042,-0.023059
2024-01-11,N043,-0.036531
2024-01-11,N044,0.011801
2024-01-11,N045,0.034148
2024-01-11,N046,-0.021682
2024-01-11,N047,-0.022134
2024-01-11,N048,-0.005803
2024-01-11,N049,-0.008242
2024-01-11,N050,0.046704
2024-01-11,N051,0.023126
2024-01-11,N052,-0.041642
2024-01-11,N053,-0.018658
2024-01-11,N054,0.017865
2024-01-11,N055,-0.017167
2024-01-11,N056,-0.015517
2024-01-11,N057,-0.018857
2024-01-11,N058,0.013196
2024-01-11,N059,-0.012930
2024-01-11,N060,-0.019519
2024-01-11,N061,0.013722
2024-01-11,N062,0.009725
2024-01-11,N063,-0.042059
2024-01-11,N064,-0.035689
2024-01-11,N065,0.012806
2024-01-11,N066,0.014468
2024-01-11,N067,0.000882
2024-01-11,N068,0.008875
2024-01-11,N069,-0.021690
2024-01-11,N070,-0.018893
2024-01-11,N071,0.010214
2024-01-11,N072,0.014803
2024-01-11,N073,0.035044
2024-01-11,N074,-0.023308
2024-01-11,N075,-0.011835
2024-01-11,N076,-0.002326
2024-01-11,N077,-0.021618
2024-01-11,N078,0.003106
2024-01-11,N079,-0.019694
2024-01-11,N080,-0.010350
2024-01-11,N081,-0.013746
2024-01-11,N082,-0.034530
2024-01-11,N083,-0.010348
2024-01-11,N084,-0.033696
2024-01-11,N085,0.017166
2024-01-11,N086,0.012213
2024-01-11,N087,0.006246
2024-01-11,N088,-0.007002
2024-01-11,N089,-0.030425
2024-01-11,N090,-0.014991
2024-01-11,N091,0.015061
2024-01-11,N092,0.027574
2024-01-11,N093,0.007677
2024-01-11,N094,-0.008703
2024-01-11,N095,0.005877
2024-01-11,N096,0.001585
2024-01-11,N097,0.022067
2024-01-11,N098,0.031562
2024-01-11,N099,-0.010718
2024-01-11,N100,-0.007202
2024-01-11,N101,0.025505
2024-01-11,N102,-0.017060
2024-01-11,N103,-0.013908
2024-01-11,N104,-0.000785
2024-01-11,N105,0.004608
2024-01-11,N106,-0.011908
2024-01-11,N107,-0.024778
2024-01-11,N108,-0.018350
2024-01-11,N109,0.011275
2024-01-11,N110,-0.029355
2024-01-11,N111,-0.002965
2024-01-11,N112,0.016479
2024-01-11,N113,-0.000176
2024-01-11,N114,0.005092
2024-01-11,N115,0.012461
2024-01-11,N116,-0.020695
2024-01-11,N117,0.036005
2024-01-11,N118,0.015677
2024-01-11,N119,-0.008835
2024-01-12,N000,0.014572
2024-01-12,N001,0.022719
2024-01-12,N002,0.019624
2024-01-12,N003,0.025471
2024-01-12,N004,0.027705
2024-01-12,N005,-0.010248
2024-01-12,N006,0.000745
2024-01-12,N007,0.053994
2024-01-12,N008,-0.026110
2024-01-12,N009,-0.018186
2024-01-12,N010,-0.004616
2024-01-12,N011,-0.016356
2024-01-12,N012,-0.003652
2024-01-12,N013,0.015035
2024-01-12,N014,0.009049
2024-01-12,N015,0.000396
2024-01-12,N016,-0.018887
2024-01-12,N017,0.003257
2024-01-12,N018,0.007425
2024-01-12,N019,-0.018623
2024-01-12,N020,-0.002142
2024-01-12,N021,0.006204
2024-01-12,N022,-0.019070
2024-01-12,N023,0.004147
2024-01-12,N024,0.013043
2024-01-12,N025,-0.043563
2024-01-12,N026,-0.017278
2024-01-12,N027,0.027285
2024-01-12,N028,0.017974
2024-01-12,N029,0.009296
2024-01-12,N030,0.010557
2024-01-12,N031,-0.007210
2024-01-12,N032,0.029414
2024-01-12,N033,-0.000395
2024-01-12,N034,0.017768
2024-01-12,N035,-0.002257
2024-01-12,N036,-0.030556
2024-01-12,N037,-0.008804
2024-01-12,N038,0.000256
2024-01-12,N039,0.025474
2024-01-12,N040,-0.002166
2024-01-12,N041,0.028504
2024-01-12,N042,-0.017170
2024-01-12,N043,-0.006871
2024-01-12,N044,0.007458
2024-01-12,N045,-0.011678
2024-01-12,N046,0.017403
2024-01-12,N047,0.016247
2024-01-12,N048,-0.015588
2024-01-12,N049,-0.019314
2024-01-12,N050,-0.035085
2024-01-12,N051,-0.027568
2024-01-12,N052,-0.031975
2024-01-12,N053,0.024734
2024-01-12,N054,-0.008020
2024-01-12,N055,0.011254
2024-01-12,N056,-0.016251
2024-01-12,N057,-0.009940
2024-01-12,N058,0.030555
2024-01-12,N059,0.015103
2024-01-12,N060,0.017016
2024-01-12,N061,-0.021138
2024-01-12,N062,0.002477
2024-01-12,N063,-0.003876
2024-01-12,N064,-0.011504
2024-01-12,N065,-0.013917
2024-01-12,N066,0.005435
2024-01-12,N067,0.013404
2024-01-12,N068,0.012238
2024-01-12,N069,-0.017980
2024-01-12,N070,-0.003557
2024-01-12,N071,-0.008942
2024-01-12,N072,0.000213
2024-01-12,N073,-0.006158
2024-01-12,N074,0.040216
2024-01-12,N075,-0.006105
2024-01-12,N076,0.022254
2024-01-12,N077,0.046108
2024-01-12,N078,0.021218
2024-01-12,N079,0.026308
2024-01-12,N080,0.020214
2024-01-12,N081,0.002458
2024-01-12,N082,-0.033930
2024-01-12,N083,-0.020319
2024-01-12,N084,0.010131
2024-01-12,N085,0.000836
2024-01-12,N086,0.021653
2024-01-12,N087,-0.006784
2024-01-12,N088,0.018875
2024-01-12,N089,-0.017861
2024-01-12,N090,0.001347
2024-01-12,N091,-0.011990
2024-01-12,N092,0.003496
2024-01-12,N093,0.028925
2024-01-12,N094,0.025243
2024-01-12,N095,0.005086
2024-01-12,N096,-0.029312
2024-01-12,N097,0.015400
2024-01-12,N098,0.001691
2024-01-12,N099,0.010502
2024-01-12,N100,-0.041139
2024-01-12,N101,-0.016967
2024-01-12,N102,0.013713
2024-01-12,N103,0.044669
2024-01-12,N104,-0.003379
2024-01-12,N105,-0.000557
2024-01-12,N106,-0.023528
2024-01-12,N107,-0.010445
2024-01-12,N108,-0.007174
2024-01-12,N109,0.016899
2024-01-12,N110,-0.014763
2024-01-12,N111,0.033517
2024-01-12,N112,-0.011032
2024-01-12,N113,-0.018651
2024-01-12,N114,-0.016019
2024-01-12,N115,0.019431
2024-01-12,N116,0.008743
2024-01-12,N117,-0.013149
2024-01-12,N118,-0.016156
2024-01-12,N119,-0.026939
2024-01-15,N000,-0.040797
2024-01-15,N001,-0.034641
2024-01-15,N002,0.022902
2024-01-15,N003,-0.009600
2024-01-15,N004,-0.028584
2024-01-15,N005,0.008492
2024-01-15,N006,0.048021
2024-01-15,N007,0.005017
2024-01-15,N008,0.002892
2024-01-15,N009,-0.011554
2024-01-15,N010,-0.031270
2024-01-15,N011,0.000478
2024-01-15,N012,0.049759
2024-01-15,N013,0.012392
2024-01-15,N014,0.023198
2024-01-15,N015,0.021833
2024-01-15,N016,-0.049860
2024-01-15,N017,0.013613
2024-01-15,N018,0.015689
2024-01-15,N019,0.000845
2024-01-15,N020,0.013679
2024-01-15,N021,0.011153
2024-01-15,N022,-0.010876
2024-01-15,N023,0.020038
2024-01-15,N024,0.022087
2024-01-15,N025,-0.009608
2024-01-15,N026,0.012118
2024-01-15,N027,-0.019451
2024-01-15,N028,0.022084
2024-01-15,N029,0.017613
2024-01-15,N030,0.017813
2024-01-15,N031,-0.012692
2024-01-15,N032,-0.023034
2024-01-15,N033,-0.003482
2024-01-15,N034,0.031382
2024-01-15,N035,0.015075
2024-01-15,N036,0.040694
2024-01-15,N037,0.012019
2024-01-15,N038,0.024108
2024-01-15,N039,0.042257
2024-01-15,N040,0.001914
2024-01-15,N041,0.008441
2024-01-15,N042,0.006995
2024-01-15,N043,-0.015130
2024-01-15,N044,-0.044158
2024-01-15,N045,0.009077
2024-01-15,N046,-0.002459
2024-01-15,N047,0.016053
2024-01-15,N048,0.007983
2024-01-15,N049,-0.025664
2024-01-15,N050,-0.015729
2024-01-15,N051,0.007019
2024-01-15,N052,0.009279
2024-01-15,N053,-0.020562
2024-01-15,N054,0.000667
2024-01-15,N055,-0.016562
2024-01-15,N056,-0.020244
2024-01-15,N057,0.021982
2024-01-15,N058,0.033549
2024-01-15,N059,-0.014249
2024-01-15,N060,-0.020928
2024-01-15,N061,0.025709
2024-01-15,N062,-0.010204
2024-01-15,N063,0.006019
2024-01-15,N064,0.028822
2024-01-15,N065,-0.009753
2024-01-15,N066,0.011600
2024-01-15,N067,0.000259
2024-01-15,N068,-0.033884
2024-01-15,N069,-0.042122
2024-01-15,N070,0.017760
2024-01-15,N071,0.009752
2024-01-15,N072,0.005849
2024-01-15,N073,-0.004843
2024-01-15,N074,-0.018208
2024-01-15,N075,0.021114
2024-01-15,N076,-0.010907
2024-01-15,N077,-0.003696
2024-01-15,N078,-0.022035
2024-01-15,N079,-0.015499
2024-01-15,N080,-0.018434
2024-01-15,N081,-0.009525
2024-01-15,N082,0.012745
2024-01-15,N083,-0.014996
2024-01-15,N084,-0.021971
2024-01-15,N085,0.012251
2024-01-15,N086,0.001838
2024-01-15,N087,-0.019237
2024-01-15,N088,-0.040466
2024-01-15,N089,-0.017398
2024-01-15,N090,0.008232
2024-01-15,N091,-0.048406
2024-01-15,N092,-0.017655
2024-01-15,N093,-0.002478
2024-01-15,N094,-0.013162
2024-01-15,N095,0.005446
2024-01-15,N096,-0.021054
2024-01-15,N097,0.012524
2024-01-15,N098,0.003794
2024-01-15,N099,-0.016825
2024-01-15,N100,-0.007799
2024-01-15,N101,-0.014023
2024-01-15,N102,0.036503
2024-01-15,N103,0.021146
2024-01-15,N104,0.022121
2024-01-15,N105,-0.009276
2024-01-15,N106,-0.034224
2024-01-15,N107,-0.033056
2024-01-15,N108,0.016816
2024-01-15,N109,-0.008304
2024-01-15,N110,-0.032395
2024-01-15,N111,-0.000921
2024-01-15,N112,0.004840
2024-01-15,N113,0.001552
2024-01-15,N114,-0.003201
2024-01-15,N115,-0.030471
2024-01-15,N116,0.000670
2024-01-15,N117,0.018078
2024-01-15,N118,-0.011966
2024-01-15,N119,0.008958
2024-01-16,N000,0.006596
2024-01-16,N001,-0.007564
2024-01-16,N002,-0.025553
2024-01-16,N003,0.023565
2024-01-16,N004,0.010124
2024-01-16,N005,0.006329
2024-01-16,N006,0.020465
2024-01-16,N007,0.037604
2024-01-16,N008,0.004191
2024-01-16,N009,0.005563
2024-01-16,N010,-0.015275
2024-01-16,N011,0.019907
2024-01-16,N012,0.047076
2024-01-16,N013,0.008577
2024-01-16,N014,0.007316
2024-01-16,N015,-0.025146
2024-01-16,N016,0.010120
2024-01-16,N017,-0.009575
2024-01-16,N018,0.002384
2024-01-16,N019,-0.008757
2024-01-16,N020,0.021542
2024-01-16,N021,-0.025584
2024-01-16,N022,0.009993
2024-01-16,N023,-0.005005
2024-01-16,N024,0.000621
2024-01-16,N025,-0.003507
2024-01-16,N026,0.013968
2024-01-16,N027,0.028400
2024-01-16,N028,-0.019084
2024-01-16,N029,-0.013789
2024-01-16,N030,0.013578
2024-01-16,N031,0.022381
2024-01-16,N032,0.019925
2024-01-16,N033,-0.024559
2024-01-16,N034,0.002425
2024-01-16,N035,-0.033312
2024-01-16,N036,0.030569
2024-01-16,N037,0.020054
2024-01-16,N038,-0.027928
2024-01-16,N039,0.006726
2024-01-16,N040,0.009123
2024-01-16,N041,-0.020935
2024-01-16,N042,-0.019221
2024-01-16,N043,0.038485
2024-01-16,N044,-0.016802
2024-01-16,N045,-0.016904
2024-01-16,N046,-0.017602
2024-01-16,N047,-0.027998
2024-01-16,N048,0.012131
2024-01-16,N049,-0.004021
2024-01-16,N050,-0.003172
2024-01-16,N051,-0.015638
2024-01-16,N052,-0.000707
2024-01-16,N053,-0.001158
2024-01-16,N054,-0.007851
2024-01-16,N055,0.005094
2024-01-16,N056,-0.002298
2024-01-16,N057,0.033125
2024-01-16,N058,-0.013972
2024-01-16,N059,0.050659
2024-01-16,N060,-0.004764
2024-01-16,N061,0.016037
2024-01-16,N062,-0.006991
2024-01-16,N063,0.000835
2024-01-16,N064,0.013558
2024-01-16,N065,0.016361
2024-01-16,N066,-0.011290
2024-01-16,N067,0.003453
2024-01-16,N068,-0.034359
2024-01-16,N069,0.016765
2024-01-16,N070,-0.004943
2024-01-16,N071,0.013998
2024-01-16,N072,0.005585
2024-01-16,N073,-0.014065
2024-01-16,N074,-0.000880
2024-01-16,N075,-0.007093
2024-01-16,N076,-0.014998
2024-01-16,N077,0.021234
2024-01-16,N078,-0.001718
2024-01-16,N079,0.006704
2024-01-16,N080,0.001491
2024-01-16,N081,0.020277
2024-01-16,N082,-0.012520
2024-01-16,N083,0.014908
2024-01-16,N084,0.011715
2024-01-16,N085,0.005376
2024-01-16,N086,-0.044973
2024-01-16,N087,0.021415
2024-01-16,N088,-0.003695
2024-01-16,N089,-0.009177
2024-01-16,N090,-0.008029
2024-01-16,N091,-0.016571
2024-01-16,N092,-0.013674
2024-01-16,N093,0.018003
2024-01-16,N094,0.000163
2024-01-16,N095,0.002937
2024-01-16,N096,0.015834
2024-01-16,N097,0.010443
2024-01-16,N098,-0.001072
2024-01-16,N099,-0.018113
2024-01-16,N100,-0.000622
2024-01-16,N101,0.019881
2024-01-16,N102,-0.019107
2024-01-16,N103,-0.012108
2024-01-16,N104,-0.040148
2024-01-16,N105,0.005709
2024-01-16,N106,-0.003871
2024-01-16,N107,-0.010187
2024-01-16,N108,-0.016606
2024-01-16,N109,-0.018119
2024-01-16,N110,0.017188
2024-01-16,N111,0.024922
2024-01-16,N112,0.047524
2024-01-16,N113,-0.003614
2024-01-16,N114,-0.005612
2024-01-16,N115,-0.023709
2024-01-16,N116,0.033826
2024-01-16,N117,0.026596
2024-01-16,N118,0.030050
2024-01-16,N119,0.020654
2024-01-17,N000,0.017397
2024-01-17,N001,-0.012403
2024-01-17,N002,-0.020369
2024-01-17,N003,0.001317
2024-01-17,N004,0.020582
2024-01-17,N005,0.039042
2024-01-17,N006,-0.006788
2024-01-17,N007,0.008603
2024-01-17,N008,-0.035955
2024-01-17,N009,-0.006228
2024-01-17,N010,-0.024317
2024-01-17,N011,-0.002115
2024-01-17,N012,-0.018769
2024-01-17,N013,0.028569
2024-01-17,N014,-0.017153
2024-01-17,N015,-0.001436
2024-01-17,N016,-0.029628
2024-01-17,N017,0.016633
2024-01-17,N018,-0.012623
2024-01-17,N019,0.020522
2024-01-17,N020,-0.022232
2024-01-17,N021,0.010183
2024-01-17,N022,-0.021863
2024-01-17,N023,0.020473
2024-01-17,N024,-0.027898
2024-01-17,N025,-0.009217
2024-01-17,N026,-0.011836
2024-01-17,N027,0.004189
2024-01-17,N028,0.006765
2024-01-17,N029,-0.014352
2024-01-17,N030,-0.023477
2024-01-17,N031,0.016127
2024-01-17,N032,-0.016875
2024-01-17,N033,-0.008881
2024-01-17,N034,0.001596
2024-01-17,N035,-0.003543
2024-01-17,N036,-0.046038
2024-01-17,N037,-0.015199
2024-01-17,N038,-0.002436
2024-01-17,N039,0.010495
2024-01-17,N040,-0.015301
2024-01-17,N041,0.026586
2024-01-17,N042,-0.018704
2024-01-17,N043,0.035703
2024-01-17,N044,0.002463
2024-01-17,N045,-0.005478
2024-01-17,N046,-0.042796
2024-01-17,N047,0.040089
2024-01-17,N048,0.029077
2024-01-17,N049,0.006736
2024-01-17,N050,-0.003151
2024-01-17,N051,-0.022029
2024-01-17,N052,-0.020300
2024-01-17,N053,-0.054764
2024-01-17,N054,0.022857
2024-01-17,N055,0.027779
2024-01-17,N056,-0.011827
2024-01-17,N057,-0.013542
2024-01-17,N058,0.032705
2024-01-17,N059,-0.022575
2024-01-17,N060,0.017995
2024-01-17,N061,0.031097
2024-01-17,N062,-0.016221
2024-01-17,N063,-0.009971
2024-01-17,N064,0.017358
2024-01-17,N065,0.031115
2024-01-17,N066,0.012373
2024-01-17,N067,-0.008404
2024-01-17,N068,-0.002501
2024-01-17,N069,0.027369
2024-01-17,N070,-0.022002
2024-01-17,N071,-0.001762
2024-01-17,N072,0.010747
2024-01-17,N073,0.025250
2024-01-17,N074,0.011749
2024-01-17,N075,0.004651
2024-01-17,N076,0.018266
2024-01-17,N077,-0.038420
2024-01-17,N078,0.025749
2024-01-17,N079,-0.018833
2024-01-17,N080,0.004171
2024-01-17,N081,-0.002206
2024-01-17,N082,-0.010104
2024-01-17,N083,0.015127
2024-01-17,N084,0.006425
2024-01-17,N085,0.010261
2024-01-17,N086,-0.005253
2024-01-17,N087,0.003030
2024-01-17,N088,0.012507
2024-01-17,N089,-0.006308
2024-01-17,N090,-0.020310
2024-01-17,N091,-0.018814
2024-01-17,N092,-0.005958
2024-01-17,N093,-0.003683
2024-01-17,N094,-0.024536
2024-01-17,N095,-0.010483
2024-01-17,N096,-0.023054
2024-01-17,N097,-0.002963
2024-01-17,N098,-0.001150
2024-01-17,N099,-0.003398
2024-01-17,N100,0.013010
2024-01-17,N101,0.016131
2024-01-17,N102,0.008435
2024-01-17,N103,-0.008439
2024-01-17,N104,0.021663
2024-01-17,N105,-0.019243
2024-01-17,N106,-0.011664
2024-01-17,N107,0.022451
2024-01-17,N108,-0.000276
2024-01-17,N109,-0.007540
2024-01-17,N110,-0.028807
2024-01-17,N111,-0.023280
2024-01-17,N112,-0.006668
2024-01-17,N113,0.016491
2024-01-17,N114,-0.009981
2024-01-17,N115,0.024415
2024-01-17,N116,0.039122
2024-01-17,N117,-0.012659
2024-01-17,N118,-0.006962
2024-01-17,N119,-0.054526
2024-01-18,N000,0.016674
2024-01-18,N001,-0.012000
2024-01-18,N002,0.008772
2024-01-18,N003,0.022129
2024-01-18,N004,0.026408
2024-01-18,N005,-0.002030
2024-01-18,N006,-0.017699
2024-01-18,N007,0.011340
2024-01-18,N008,-0.015662
2024-01-18,N009,0.015977
2024-01-18,N010,0.030156
2024-01-18,N011,-0.000145
2024-01-18,N012,-0.011301
2024-01-18,N013,-0.017107
2024-01-18,N014,-0.002127
2024-01-18,N015,-0.021131
2024-01-18,N016,-0.038415
2024-01-18,N017,-0.005169
2024-01-18,N018,-0.038635
2024-01-18,N019,-0.013178
2024-01-18,N020,0.020019
2024-01-18,N021,-0.010112
2024-01-18,N022,0.026127
2024-01-18,N023,-0.019778
2024-01-18,N024,-0.018919
2024-01-18,N025,-0.006607
2024-01-18,N026,-0.024347
2024-01-18,N027,0.008004
2024-01-18,N028,-0.035373
2024-01-18,N029,-0.014744
2024-01-18,N030,-0.012528
2024-01-18,N031,-0.006198
2024-01-18,N032,-0.010054
2024-01-18,N033,-0.000245
2024-01-18,N034,-0.003666
2024-01-18,N035,-0.046898
2024-01-18,N036,-0.021420
2024-01-18,N037,-0.026586
2024-01-18,N038,0.000799
2024-01-18,N039,-0.012871
2024-01-18,N040,0.001264
2024-01-18,N041,-0.020533
2024-01-18,N042,0.017251
2024-01-18,N043,-0.019523
2024-01-18,N044,-0.001004
2024-01-18,N045,-0.005932
2024-01-18,N046,-0.006892
2024-01-18,N047,0.002491
2024-01-18,N048,-0.012688
2024-01-18,N049,0.005884
2024-01-18,N050,0.006628
2024-01-18,N051,0.028920
2024-01-18,N052,-0.008487
2024-01-18,N053,-0.018350
2024-01-18,N054,-0.020906
2024-01-18,N055,-0.009841
2024-01-18,N056,-0.009801
2024-01-18,N057,0.018591
2024-01-18,N058,-0.007329
2024-01-18,N059,0.039316
2024-01-18,N060,0.039403
2024-01-18,N061,-0.022444
2024-01-18,N062,-0.031055
2024-01-18,N063,-0.020393
2024-01-18,N064,-0.027166
2024-01-18,N065,0.030753
2024-01-18,N066,-0.023517
2024-01-18,N067,0.007127
2024-01-18,N068,0.029144
2024-01-18,N069,0.016066
2024-01-18,N070,-0.025915
2024-01-18,N071,0.058158
2024-01-18,N072,0.018009
2024-01-18,N073,0.002232
2024-01-18,N074,-0.029307
2024-01-18,N075,0.011979
2024-01-18,N076,0.009430
2024-01-18,N077,0.003370
2024-01-18,N078,-0.002586
2024-01-18,N079,0.025278
2024-01-18,N080,0.014288
2024-01-18,N081,0.010267
2024-01-18,N082,-0.019119
2024-01-18,N083,0.019043
2024-01-18,N084,-0.010255
2024-01-18,N085,-0.014315
2024-01-18,N086,0.007496
2024-01-18,N087,-0.015818
2024-01-18,N088,0.025787
2024-01-18,N089,0.000631
2024-01-18,N090,0.012621
2024-01-18,N091,-0.003049
2024-01-18,N092,0.000234
2024-01-18,N093,-0.031939
2024-01-18,N094,0.014135
2024-01-18,N095,0.002280
2024-01-18,N096,0.036961
2024-01-18,N097,0.000205
2024-01-18,N098,-0.000077
2024-01-18,N099,-0.007255
2024-01-18,N100,-0.000282
2024-01-18,N101,-0.027326
2024-01-18,N102,-0.019783
2024-01-18,N103,-0.042189
2024-01-18,N104,0.014804
2024-01-18,N105,-0.006727
2024-01-18,N106,0.004250
2024-01-18,N107,0.001107
2024-01-18,N108,-0.015695
2024-01-18,N109,0.036244
2024-01-18,N110,-0.012511
2024-01-18,N111,0.014013
2024-01-18,N112,0.032057
2024-01-18,N113,-0.022454
2024-01-18,N114,0.000541
2024-01-18,N115,0.014578
2024-01-18,N116,0.001195
2024-01-18,N117,0.000426
2024-01-18,N118,0.027399
2024-01-18,N119,-0.040425
2024-01-19,N000,0.007666
2024-01-19,N001,-0.030230
2024-01-19,N002,-0.024114
2024-01-19,N003,-0.009544
2024-01-19,N004,0.017309
2024-01-19,N005,0.013871
2024-01-19,N006,0.015129
2024-01-19,N007,-0.008433
2024-01-19,N008,-0.004070
2024-01-19,N009,-0.008452
2024-01-19,N010,-0.031505
2024-01-19,N011,-0.014535
2024-01-19,N012,0.012579
2024-01-19,N013,-0.023964
2024-01-19,N014,-0.011746
2024-01-19,N015,0.011714
2024-01-19,N016,-0.001954
2024-01-19,N017,-0.021600
2024-01-19,N018,0.000607
2024-01-19,N019,-0.028980
2024-01-19,N020,0.022983
2024-01-19,N021,0.007285
2024-01-19,N022,0.037675
2024-01-19,N023,0.027466
2024-01-19,N024,0.008733
2024-01-19,N025,-0.026962
2024-01-19,N026,-0.006369
2024-01-19,N027,-0.003935
2024-01-19,N028,-0.022766
2024-01-19,N029,-0.011193
2024-01-19,N030,-0.020370
2024-01-19,N031,-0.016984
2024-01-19,N032,-0.038675
2024-01-19,N033,-0.003414
2024-01-19,N034,0.011434
2024-01-19,N035,-0.037421
2024-01-19,N036,-0.006737
2024-01-19,N037,0.022262
2024-01-19,N038,0.004792
2024-01-19,N039,-0.046476
2024-01-19,N040,0.026575
2024-01-19,N041,0.002279
2024-01-19,N042,0.008754
2024-01-19,N043,-0.008601
2024-01-19,N044,-0.003701
2024-01-19,N045,0.009143
2024-01-19,N046,-0.007756
2024-01-19,N047,0.022824
2024-01-19,N048,-0.023971
2024-01-19,N049,-0.003912
2024-01-19,N050,0.017167
2024-01-19,N051,-0.006898
2024-01-19,N052,0.011510
2024-01-19,N053,0.005864
2024-01-19,N054,0.012899
2024-01-19,N055,-0.013268
2024-01-19,N056,-0.016388
2024-01-19,N057,0.018257
2024-01-19,N058,0.021828
2024-01-19,N059,0.002159
2024-01-19,N060,-0.003090
2024-01-19,N061,-0.000083
2024-01-19,N062,0.015077
2024-01-19,N063,0.003867
2024-01-19,N064,-0.019673
2024-01-19,N065,0.014464
2024-01-19,N066,0.006513
2024-01-19,N067,-0.021492
2024-01-19,N068,-0.003417
2024-01-19,N069,-0.022015
2024-01-19,N070,0.031572
2024-01-19,N071,0.046545
2024-01-19,N072,0.056240
2024-01-19,N073,0.012377
2024-01-19,N074,0.022465
2024-01-19,N075,0.010788
2024-01-19,N076,0.032699
2024-01-19,N077,-0.003282
2024-01-19,N078,-0.005946
2024-01-19,N079,-0.001354
2024-01-19,N080,-0.010083
2024-01-19,N081,0.003103
2024-01-19,N082,-0.009926
2024-01-19,N083,0.029718
2024-01-19,N084,-0.036380
2024-01-19,N085,-0.023028
2024-01-19,N086,-0.004113
2024-01-19,N087,-0.010224
2024-01-19,N088,-0.031693
2024-01-19,N089,-0.017955
2024-01-19,N090,-0.014638
2024-01-19,N091,-0.025767
2024-01-19,N092,0.031311
2024-01-19,N093,0.027670
2024-01-19,N094,0.005569
2024-01-19,N095,-0.009410
2024-01-19,N096,-0.014703
2024-01-19,N097,0.015757
2024-01-19,N098,0.025538
2024-01-19,N099,-0.013051
2024-01-19,N100,-0.001960
2024-01-19,N101,0.012265
2024-01-19,N102,-0.014150
2024-01-19,N103,0.009077
2024-01-19,N104,0.009593
2024-01-19,N105,-0.000617
2024-01-19,N106,0.008704
2024-01-19,N107,0.020564
2024-01-19,N108,0.003051
2024-01-19,N109,0.039203
2024-01-19,N110,-0.018623
2024-01-19,N111,0.003634
2024-01-19,N112,-0.005359
2024-01-19,N113,0.004748
2024-01-19,N114,-0.005802
2024-01-19,N115,-0.009730
2024-01-19,N116,-0.008033
2024-01-19,N117,-0.025240
2024-01-19,N118,0.007141
2024-01-19,N119,-0.030438
2024-01-22,N000,0.012732
2024-01-22,N001,0.005341
2024-01-22,N002,0.003600
2024-01-22,N003,-0.014985
2024-01-22,N004,-0.002260
2024-01-22,N005,0.011926
2024-01-22,N006,0.005445
2024-01-22,N007,0.040284
2024-01-22,N008,0.005986
2024-01-22,N009,-0.009880
2024-01-22,N010,-0.004718
2024-01-22,N011,0.008873
2024-01-22,N012,0.002039
2024-01-22,N013,-0.008791
2024-01-22,N014,0.015801
2024-01-22,N015,-0.011976
2024-01-22,N016,-0.008040
2024-01-22,N017,0.006022
2024-01-22,N018,-0.015978
2024-01-22,N019,0.015094
2024-01-22,N020,0.002254
2024-01-22,N021,-0.011433
2024-01-22,N022,0.006142
2024-01-22,N023,-0.014723
2024-01-22,N024,0.027929
2024-01-22,N025,0.010218
2024-01-22,N026,0.008820
2024-01-22,N027,0.026742
2024-01-22,N028,0.001460
2024-01-22,N029,-0.001599
2024-01-22,N030,0.014147
2024-01-22,N031,-0.002294
2024-01-22,N032,-0.022416
2024-01-22,N033,0.003857
2024-01-22,N034,-0.009633
2024-01-22,N035,-0.013674
2024-01-22,N036,-0.006809
2024-01-22,N037,-0.013421
2024-01-22,N038,-0.009230
2024-01-22,N039,-0.016154
2024-01-22,N040,0.005576
2024-01-22,N041,0.005039
2024-01-22,N042,0.003287
2024-01-22,N043,-0.030468
2024-01-22,N044,0.003055
2024-01-22,N045,0.014194
2024-01-22,N046,0.005814
2024-01-22,N047,0.013185
2024-01-22,N048,0.000899
2024-01-22,N049,-0.044354
2024-01-22,N050,0.014286
2024-01-22,N051,0.021628
2024-01-22,N052,-0.017032
2024-01-22,N053,0.013297
2024-01-22,N054,0.019691
2024-01-22,N055,-0.018671
2024-01-22,N056,-0.011890
2024-01-22,N057,-0.013832
2024-01-22,N058,-0.008404
2024-01-22,N059,-0.002961
2024-01-22,N060,-0.003875
2024-01-22,N061,0.009368
2024-01-22,N062,-0.005638
2024-01-22,N063,-0.006297
2024-01-22,N064,-0.026804
2024-01-22,N065,-0.009268
2024-01-22,N066,0.026420
2024-01-22,N067,-0.005265
2024-01-22,N068,-0.015720
2024-01-22,N069,0.001105
2024-01-22,N070,-0.020487
2024-01-22,N071,0.000804
2024-01-22,N072,0.006893
2024-01-22,N073,-0.038481
2024-01-22,N074,0.023571
2024-01-22,N075,0.023839
2024-01-22,N076,0.016993
2024-01-22,N077,-0.016526
2024-01-22,N078,-0.020936
2024-01-22,N079,-0.058803
2024-01-22,N080,0.034799
2024-01-22,N081,0.012441
2024-01-22,N082,0.005174
2024-01-22,N083,0.019781
2024-01-22,N084,0.014127
2024-01-22,N085,-0.004232
2024-01-22,N086,0.019345
2024-01-22,N087,-0.006783
2024-01-22,N088,-0.021951
2024-01-22,N089,0.014794
2024-01-22,N090,-0.007274
2024-01-22,N091,-0.009472
2024-01-22,N092,-0.004066
2024-01-22,N093,-0.001255
2024-01-22,N094,0.013749
2024-01-22,N095,-0.052040
2024-01-22,N096,0.015302
2024-01-22,N097,-0.017479
2024-01-22,N098,-0.001365
2024-01-22,N099,-0.017622
2024-01-22,N100,0.031073
2024-01-22,N101,-0.011675
2024-01-22,N102,-0.007229
2024-01-22,N103,0.015479
2024-01-22,N104,0.035042
2024-01-22,N105,-0.010720
2024-01-22,N106,-0.012924
2024-01-22,N107,0.001800
2024-01-22,N108,-0.020635
2024-01-22,N109,-0.021149
2024-01-22,N110,-0.044250
2024-01-22,N111,-0.007983
2024-01-22,N112,0.024628
2024-01-22,N113,0.017259
2024-01-22,N114,-0.000647
2024-01-22,N115,-0.040228
2024-01-22,N116,0.009299
2024-01-22,N117,-0.029542
2024-01-22,N118,0.005138
2024-01-22,N119,-0.021093
2024-01-23,N000,0.006024
2024-01-23,N001,-0.019566
2024-01-23,N002,-0.021892
2024-01-23,N003,-0.014204
2024-01-23,N004,0.005297
2024-01-23,N005,-0.025158
2024-01-23,N006,-0.005437
2024-01-23,N007,0.022153
2024-01-23,N008,0.014845
2024-01-23,N009,0.013414
2024-01-23,N010,-0.007859
2024-01-23,N011,0.001501
2024-01-23,N012,-0.008452
2024-01-23,N013,0.012044
2024-01-23,N014,-0.016592
2024-01-23,N015,-0.031224
2024-01-23,N016,-0.010566
2024-01-23,N017,0.028191
2024-01-23,N018,-0.003831
2024-01-23,N019,0.013775
2024-01-23,N020,-0.002953
2024-01-23,N021,-0.016923
2024-01-23,N022,0.005742
2024-01-23,N023,-0.006529
2024-01-23,N024,0.006061
2024-01-23,N025,0.040733
2024-01-23,N026,-0.023925
2024-01-23,N027,-0.010012
2024-01-23,N028,-0.003123
2024-01-23,N029,0.015006
2024-01-23,N030,-0.006346
2024-01-23,N031,-0.027378
2024-01-23,N032,0.000224
2024-01-23,N033,-0.014915
2024-01-23,N034,-0.006966
2024-01-23,N035,0.043788
2024-01-23,N036,-0.016952
2024-01-23,N037,0.031031
2024-01-23,N038,-0.001649
2024-01-23,N039,-0.035003
2024-01-23,N040,0.010538
2024-01-23,N041,0.011114
2024-01-23,N042,0.003628
2024-01-23,N043,-0.007078
2024-01-23,N044,-0.015227
2024-01-23,N045,-0.019823
2024-01-23,N046,-0.005311
2024-01-23,N047,-0.008303
2024-01-23,N048,0.001220
2024-01-23,N049,-0.001319
2024-01-23,N050,0.004633
2024-01-23,N051,0.014560
2024-01-23,N052,-0.015315
2024-01-23,N053,-0.011918
2024-01-23,N054,-0.027634
2024-01-23,N055,0.025909
2024-01-23,N056,0.031058
2024-01-23,N057,-0.019183
2024-01-23,N058,0.001130
2024-01-23,N059,0.019889
2024-01-23,N060,-0.031440
2024-01-23,N061,0.012404
2024-01-23,N062,-0.020657
2024-01-23,N063,0.012657
2024-01-23,N064,-0.026979
2024-01-23,N065,0.011850
2024-01-23,N066,0.032645
2024-01-23,N067,-0.004506
2024-01-23,N068,0.003971
2024-01-23,N069,-0.012419
2024-01-23,N070,0.002715
2024-01-23,N071,0.014595
2024-01-23,N072,0.037160
2024-01-23,N073,0.018739
2024-01-23,N074,0.003287
2024-01-23,N075,0.000434
2024-01-23,N076,-0.015007
2024-01-23,N077,0.026511
2024-01-23,N078,0.024329
2024-01-23,N079,0.018483
2024-01-23,N080,-0.025346
2024-01-23,N081,0.016101
2024-01-23,N082,-0.003497
2024-01-23,N083,0.033817
2024-01-23,N084,-0.001863
2024-01-23,N085,-0.013945
2024-01-23,N086,0.024549
2024-01-23,N087,-0.005524
2024-01-23,N088,-0.034282
2024-01-23,N089,-0.014099
2024-01-23,N090,-0.037276
2024-01-23,N091,-0.043147
2024-01-23,N092,-0.007799
2024-01-23,N093,0.002736
2024-01-23,N094,0.002899
2024-01-23,N095,0.017075
2024-01-23,N096,-0.012626
2024-01-23,N097,-0.013628
2024-01-23,N098,-0.024270
2024-01-23,N099,0.014787
2024-01-23,N100,-0.018370
2024-01-23,N101,-0.013036
2024-01-23,N102,-0.043749
2024-01-23,N103,-0.022687
2024-01-23,N104,0.023898
2024-01-23,N105,-0.013380
2024-01-23,N106,-0.038255
2024-01-23,N107,0.015853
2024-01-23,N108,-0.003879
2024-01-23,N109,-0.052401
2024-01-23,N110,-0.002322
2024-01-23,N111,-0.010872
2024-01-23,N112,0.007114
2024-01-23,N113,-0.011350
2024-01-23,N114,-0.025655
2024-01-23,N115,-0.019840
2024-01-23,N116,-0.013815
2024-01-23,N117,0.011362
2024-01-23,N118,-0.006154
2024-01-23,N119,-0.027704
2024-01-24,N000,-0.013573
2024-01-24,N001,-0.004132
2024-01-24,N002,-0.021818
2024-01-24,N003,-0.017674
2024-01-24,N004,0.018875
2024-01-24,N005,-0.030147
2024-01-24,N006,-0.002172
2024-01-24,N007,-0.004540
2024-01-24,N008,0.008911
2024-01-24,N009,-0.010168
2024-01-24,N010,0.010835
2024-01-24,N011,-0.029046
2024-01-24,N012,-0.009739
2024-01-24,N013,0.044354
2024-01-24,N014,-0.022080
2024-01-24,N015,0.008484
2024-01-24,N016,-0.005944
2024-01-24,N017,0.005079
2024-01-24,N018,0.021678
2024-01-24,N019,0.026770
2024-01-24,N020,-0.027325
2024-01-24,N021,-0.017270
2024-01-24,N022,0.007568
2024-01-24,N023,-0.008465
2024-01-24,N024,-0.005759
2024-01-24,N025,-0.021681
2024-01-24,N026,0.029442
2024-01-24,N027,0.002264
2024-01-24,N028,0.004882
2024-01-24,N029,0.029933
2024-01-24,N030,0.029266
2024-01-24,N031,-0.011047
2024-01-24,N032,0.022632
2024-01-24,N033,0.021375
2024-01-24,N034,0.035147
2024-01-24,N035,0.001702
2024-01-24,N036,0.049481
2024-01-24,N037,-0.028259
2024-01-24,N038,0.055410
2024-01-24,N039,0.012443
2024-01-24,N040,-0.016092
2024-01-24,N041,-0.010597
2024-01-24,N042,-0.011430
2024-01-24,N043,0.017612
2024-01-24,N044,-0.019120
2024-01-24,N045,0.010003
2024-01-24,N046,0.016171
2024-01-24,N047,0.012396
2024-01-24,N048,0.001756
2024-01-24,N049,-0.028266
2024-01-24,N050,0.013329
2024-01-24,N051,-0.012932
2024-01-24,N052,0.020259
2024-01-24,N053,0.004605
2024-01-24,N054,-0.027116
2024-01-24,N055,-0.038297
2024-01-24,N056,0.029774
2024-01-24,N057,0.005087
2024-01-24,N058,0.001632
2024-01-24,N059,0.001360
2024-01-24,N060,-0.044026
2024-01-24,N061,0.003664
2024-01-24,N062,-0.039442
2024-01-24,N063,0.021804
2024-01-24,N064,0.006891
2024-01-24,N065,0.013447
2024-01-24,N066,0.048830
2024-01-24,N067,0.010206
2024-01-24,N068,-0.001114
2024-01-24,N069,0.034658
2024-01-24,N070,-0.015232
2024-01-24,N071,-0.032626
2024-01-24,N072,-0.019857
2024-01-24,N073,0.027247
2024-01-24,N074,-0.009481
2024-01-24,N075,-0.034378
2024-01-24,N076,0.003224
2024-01-24,N077,0.034189
2024-01-24,N078,0.003616
2024-01-24,N079,0.002654
2024-01-24,N080,-0.011373
2024-01-24,N081,0.012709
2024-01-24,N082,0.010435
2024-01-24,N083,0.002623
2024-01-24,N084,-0.019768
2024-01-24,N085,-0.007109
2024-01-24,N086,-0.018795
2024-01-24,N087,0.022063
2024-01-24,N088,0.014022
2024-01-24,N089,-0.005445
2024-01-24,N090,0.045020
2024-01-24,N091,-0.000441
2024-01-24,N092,-0.011965
2024-01-24,N093,-0.007872
2024-01-24,N094,0.014425
2024-01-24,N095,-0.004902
2024-01-24,N096,0.002837
2024-01-24,N097,-0.003752
2024-01-24,N098,-0.001574
2024-01-24,N099,0.034286
2024-01-24,N100,0.007535
2024-01-24,N101,-0.053594
2024-01-24,N102,0.028662
2024-01-24,N103,0.029444
2024-01-24,N104,-0.016493
2024-01-24,N105,0.036856
2024-01-24,N106,-0.016682
2024-01-24,N107,-0.011187
2024-01-24,N108,0.024749
2024-01-24,N109,0.046228
2024-01-24,N110,-0.021996
2024-01-24,N111,-0.019852
2024-01-24,N112,0.001415
2024-01-24,N113,0.000196
2024-01-24,N114,-0.019996
2024-01-24,N115,-0.027348
2024-01-24,N116,0.009556
2024-01-24,N117,-0.028736
2024-01-24,N118,0.006520
2024-01-24,N119,-0.014557
2024-01-25,N000,0.002009
2024-01-25,N001,0.024515
2024-01-25,N002,0.039490
2024-01-25,N003,-0.003751
2024-01-25,N004,0.014621
2024-01-25,N005,0.011875
2024-01-25,N006,0.027797
2024-01-25,N007,0.015829
2024-01-25,N008,0.028981
2024-01-25,N009,-0.004538
2024-01-25,N010,0.038599
2024-01-25,N011,0.026349
2024-01-25,N012,0.037382
2024-01-25,N013,0.003146
2024-01-25,N014,-0.013071
2024-01-25,N015,0.010538
2024-01-25,N016,-0.013349
2024-01-25,N017,-0.015386
2024-01-25,N018,0.010013
2024-01-25,N019,-0.012167
2024-01-25,N020,-0.005269
2024-01-25,N021,-0.013648
2024-01-25,N022,0.003719
2024-01-25,N023,0.001735
2024-01-25,N024,0.001751
2024-01-25,N025,-0.011317
2024-01-25,N026,-0.019105
2024-01-25,N027,0.007763
2024-01-25,N028,-0.012038
2024-01-25,N029,-0.032830
2024-01-25,N030,-0.012268
2024-01-25,N031,-0.000834
2024-01-25,N032,-0.013232
2024-01-25,N033,0.000054
2024-01-25,N034,-0.015677
2024-01-25,N035,0.020984
2024-01-25,N036,0.018033
2024-01-25,N037,-0.008377
2024-01-25,N038,0.018927
2024-01-25,N039,0.056297
2024-01-25,N040,-0.018256
2024-01-25,N041,0.032781
2024-01-25,N042,0.026467
2024-01-25,N043,0.025824
2024-01-25,N044,-0.006709
2024-01-25,N045,-0.024594
2024-01-25,N046,0.029203
2024-01-25,N047,0.014822
2024-01-25,N048,-0.015224
2024-01-25,N049,-0.023694
2024-01-25,N050,0.009454
2024-01-25,N051,-0.001059
2024-01-25,N052,-0.008296
2024-01-25,N053,0.025226
2024-01-25,N054,-0.019424
2024-01-25,N055,0.025226
2024-01-25,N056,-0.013643
2024-01-25,N057,0.004344
2024-01-25,N058,-0.027846
2024-01-25,N059,-0.016530
2024-01-25,N060,-0.001430
2024-01-25,N061,0.045050
2024-01-25,N062,0.007117
2024-01-25,N063,-0.013257
2024-01-25,N064,-0.002409
2024-01-25,N065,0.023654
2024-01-25,N066,-0.013208
2024-01-25,N067,-0.049369
2024-01-25,N068,-0.013926
2024-01-25,N069,-0.014988
2024-01-25,N070,0.035666
2024-01-25,N071,0.005425
2024-01-25,N072,-0.002137
2024-01-25,N073,0.009782
2024-01-25,N074,0.017708
2024-01-25,N075,0.013608
2024-01-25,N076,-0.037047
2024-01-25,N077,0.022775
2024-01-25,N078,-0.011671
2024-01-25,N079,-0.013146
2024-01-25,N080,-0.017532
2024-01-25,N081,0.034080
2024-01-25,N082,-0.001134
2024-01-25,N083,-0.005685
2024-01-25,N084,-0.025688
2024-01-25,N085,-0.001231
2024-01-25,N086,-0.009117
2024-01-25,N087,0.017996
2024-01-25,N088,0.006793
2024-01-25,N089,0.005124
2024-01-25,N090,0.010573
2024-01-25,N091,0.011647
2024-01-25,N092,0.000805
2024-01-25,N093,-0.013495
2024-01-25,N094,-0.026025
2024-01-25,N095,0.011400
2024-01-25,N096,-0.010200
2024-01-25,N097,0.020211
2024-01-25,N098,-0.010682
2024-01-25,N099,-0.031101
2024-01-25,N100,0.027867
2024-01-25,N101,-0.016983
2024-01-25,N102,0.041121
2024-01-25,N103,-0.003899
2024-01-25,N104,-0.013704
2024-01-25,N105,-0.007707
2024-01-25,N106,0.006591
2024-01-25,N107,0.030788
2024-01-25,N108,0.000793
2024-01-25,N109,0.013045
2024-01-25,N110,0.011574
2024-01-25,N111,0.014275
2024-01-25,N112,0.006242
2024-01-25,N113,-0.031957
2024-01-25,N114,-0.018818
2024-01-25,N115,-0.005597
2024-01-25,N116,-0.008892
2024-01-25,N117,-0.021406
2024-01-25,N118,0.016019
2024-01-25,N119,0.004097
2024-01-26,N000,0.001538
2024-01-26,N001,0.004728
2024-01-26,N002,0.000488
2024-01-26,N003,-0.013079
2024-01-26,N004,0.010251
2024-01-26,N005,-0.023684
2024-01-26,N006,0.017926
2024-01-26,N007,0.002240
2024-01-26,N008,-0.023207
2024-01-26,N009,0.004871
2024-01-26,N010,-0.015408
2024-01-26,N011,0.030936
2024-01-26,N012,0.012411
2024-01-26,N013,0.044427
2024-01-26,N014,0.030061
2024-01-26,N015,-0.003973
2024-01-26,N016,0.011712
2024-01-26,N017,0.043639
2024-01-26,N018,-0.010361
2024-01-26,N019,0.001244
2024-01-26,N020,0.008693
2024-01-26,N021,-0.032202
2024-01-26,N022,-0.025193
2024-01-26,N023,-0.021069
2024-01-26,N024,0.013230
2024-01-26,N025,0.038903
2024-01-26,N026,0.011406
2024-01-26,N027,-0.002113
2024-01-26,N028,-0.008724
2024-01-26,N029,0.018634
2024-01-26,N030,-0.019280
2024-01-26,N031,0.047161
2024-01-26,N032,-0.013753
2024-01-26,N033,-0.030581
2024-01-26,N034,-0.006008
2024-01-26,N035,-0.018624
2024-01-26,N036,0.027424
2024-01-26,N037,0.012609
2024-01-26,N038,0.023649
2024-01-26,N039,-0.016773
2024-01-26,N040,-0.015629
2024-01-26,N041,0.008270
2024-01-26,N042,-0.030188
2024-01-26,N043,-0.015082
2024-01-26,N044,-0.025209
2024-01-26,N045,0.026674
2024-01-26,N046,0.009913
2024-01-26,N047,-0.009752
2024-01-26,N048,-0.008862
2024-01-26,N049,0.024232
2024-01-26,N050,0.018312
2024-01-26,N051,-0.041428
2024-01-26,N052,-0.022054
2024-01-26,N053,-0.046942
2024-01-26,N054,-0.000727
2024-01-26,N055,-0.014160
2024-01-26,N056,0.013450
2024-01-26,N057,0.009332
2024-01-26,N058,-0.021731
2024-01-26,N059,-0.002868
2024-01-26,N060,0.032526
2024-01-26,N061,-0.041806
2024-01-26,N062,0.020808
2024-01-26,N063,-0.032813
2024-01-26,N064,0.013630
2024-01-26,N065,-0.034293
2024-01-26,N066,0.002857
2024-01-26,N067,-0.020482
2024-01-26,N068,-0.000277
2024-01-26,N069,-0.003950
2024-01-26,N070,-0.033517
2024-01-26,N071,0.032690
2024-01-26,N072,0.021484
2024-01-26,N073,0.000114
2024-01-26,N074,0.029176
2024-01-26,N075,0.009284
2024-01-26,N076,-0.001366
2024-01-26,N077,-0.052300
2024-01-26,N078,0.010067
2024-01-26,N079,0.012558
2024-01-26,N080,0.021212
2024-01-26,N081,-0.025301
2024-01-26,N082,0.003226
2024-01-26,N083,0.009843
2024-01-26,N084,-0.010425
2024-01-26,N085,-0.021489
2024-01-26,N086,0.005598
2024-01-26,N087,0.002612
2024-01-26,N088,-0.012670
2024-01-26,N089,-0.020801
2024-01-26,N090,0.003577
2024-01-26,N091,-0.011362
2024-01-26,N092,0.000427
2024-01-26,N093,0.017769
2024-01-26,N094,0.017693
2024-01-26,N095,0.014413
2024-01-26,N096,-0.005537
2024-01-26,N097,-0.008071
2024-01-26,N098,-0.005459
2024-01-26,N099,0.024192
2024-01-26,N100,-0.049108
2024-01-26,N101,-0.016149
2024-01-26,N102,-0.000630
2024-01-26,N103,0.012883
2024-01-26,N104,0.008162
2024-01-26,N105,0.001274
2024-01-26,N106,-0.003248
2024-01-26,N107,0.026151
2024-01-26,N108,0.031697
2024-01-26,N109,0.015213
2024-01-26,N110,0.031500
2024-01-26,N111,0.000891
2024-01-26,N112,0.038395
2024-01-26,N113,0.015263
2024-01-26,N114,0.026345
2024-01-26,N115,-0.025918
2024-01-26,N116,-0.000055
2024-01-26,N117,-0.009063
2024-01-26,N118,0.003105
2024-01-26,N119,0.019308
2024-01-29,N000,-0.027604
2024-01-29,N001,-0.023276
2024-01-29,N002,-0.004881
2024-01-29,N003,0.005912
2024-01-29,N004,0.013424
2024-01-29,N005,-0.005903
2024-01-29,N006,-0.000346
2024-01-29,N007,0.033915
2024-01-29,N008,-0.007388
2024-01-29,N009,0.006378
2024-01-29,N010,0.017424
2024-01-29,N011,0.020706
2024-01-29,N012,0.002184
2024-01-29,N013,0.006168
2024-01-29,N014,-0.018043
2024-01-29,N015,-0.032655
2024-01-29,N016,0.019086
2024-01-29,N017,0.021027
2024-01-29,N018,0.014093
2024-01-29,N019,0.029439
2024-01-29,N020,-0.008610
2024-01-29,N021,-0.031640
2024-01-29,N022,-0.003240
2024-01-29,N023,-0.000216
2024-01-29,N024,0.025512
2024-01-29,N025,0.027354
2024-01-29,N026,-0.017328
2024-01-29,N027,0.014395
2024-01-29,N028,-0.000052
2024-01-29,N029,0.009999
2024-01-29,N030,-0.004955
2024-01-29,N031,0.035497
2024-01-29,N032,-0.011336
2024-01-29,N033,0.007490
2024-01-29,N034,-0.025192
2024-01-29,N035,-0.005852
2024-01-29,N036,-0.034058
2024-01-29,N037,0.003734
2024-01-29,N038,-0.011477
2024-01-29,N039,-0.003713
2024-01-29,N040,0.010522
2024-01-29,N041,0.004219
2024-01-29,N042,-0.030360
2024-01-29,N043,-0.003989
2024-01-29,N044,0.031233
2024-01-29,N045,0.001611
2024-01-29,N046,-0.011738
2024-01-29,N047,0.025661
2024-01-29,N048,-0.034117
2024-01-29,N049,-0.030392
2024-01-29,N050,-0.017429
2024-01-29,N051,0.006116
2024-01-29,N052,-0.007306
2024-01-29,N053,-0.014080
2024-01-29,N054,-0.042431
2024-01-29,N055,-0.036330
2024-01-29,N056,-0.004481
2024-01-29,N057,-0.025496
2024-01-29,N058,0.014604
2024-01-29,N059,-0.025715
2024-01-29,N060,-0.020400
2024-01-29,N061,-0.005131
2024-01-29,N062,-0.018937
2024-01-29,N063,-0.004462
2024-01-29,N064,0.000819
2024-01-29,N065,0.018364
2024-01-29,N066,-0.024465
2024-01-29,N067,0.031115
2024-01-29,N068,0.031289
2024-01-29,N069,0.029643
2024-01-29,N070,0.007148
2024-01-29,N071,0.024179
2024-01-29,N072,-0.020869
2024-01-29,N073,-0.008103
2024-01-29,N074,0.003294
2024-01-29,N075,-0.022356
2024-01-29,N076,-0.002477
2024-01-29,N077,-0.028055
2024-01-29,N078,-0.008039
2024-01-29,N079,0.006502
2024-01-29,N080,-0.019545
2024-01-29,N081,0.016050
2024-01-29,N082,0.036145
2024-01-29,N083,0.008824
2024-01-29,N084,-0.001123
2024-01-29,N085,-0.039496
2024-01-29,N086,0.038007
2024-01-29,N087,-0.017245
2024-01-29,N088,-0.020053
2024-01-29,N089,-0.035361
2024-01-29,N090,0.034855
2024-01-29,N091,0.007155
2024-01-29,N092,-0.003032
2024-01-29,N093,0.006826
2024-01-29,N094,0.037839
2024-01-29,N095,0.013673
2024-01-29,N096,0.003658
2024-01-29,N097,0.005442
2024-01-29,N098,-0.000214
2024-01-29,N099,-0.032850
2024-01-29,N100,0.003196
2024-01-29,N101,0.007914
2024-01-29,N102,0.018218
2024-01-29,N103,0.020014
2024-01-29,N104,0.011715
2024-01-29,N105,0.024430
2024-01-29,N106,-0.002815
2024-01-29,N107,0.011800
2024-01-29,N108,0.034210
2024-01-29,N109,-0.008143
2024-01-29,N110,-0.021957
2024-01-29,N111,0.005087
2024-01-29,N112,-0.007663
2024-01-29,N113,-0.023084
2024-01-29,N114,0.003738
2024-01-29,N115,-0.007246
2024-01-29,N116,-0.009979
2024-01-29,N117,0.028889
2024-01-29,N118,0.004980
2024-01-29,N119,0.016871
2024-01-30,N000,-0.009886
2024-01-30,N001,0.014411
2024-01-30,N002,0.007465
2024-01-30,N003,-0.003760
2024-01-30,N004,-0.035561
2024-01-30,N005,-0.004693
2024-01-30,N006,-0.020450
2024-01-30,N007,-0.021636
2024-01-30,N008,0.018923
2024-01-30,N009,0.007476
2024-01-30,N010,0.001471
2024-01-30,N011,0.019690
2024-01-30,N012,-0.004794
2024-01-30,N013,0.027968
2024-01-30,N014,0.016076
2024-01-30,N015,-0.024660
2024-01-30,N016,-0.015456
2024-01-30,N017,0.000831
2024-01-30,N018,0.004431
2024-01-30,N019,-0.014005
2024-01-30,N020,0.025947
2024-01-30,N021,-0.000734
2024-01-30,N022,0.024851
2024-01-30,N023,0.082422
2024-01-30,N024,-0.007736
2024-01-30,N025,0.005723
2024-01-30,N026,-0.019257
2024-01-30,N027,0.001192
2024-01-30,N028,0.014037
2024-01-30,N029,0.004567
2024-01-30,N030,-0.041991
2024-01-30,N031,0.003341
2024-01-30,N032,0.003759
2024-01-30,N033,-0.007888
2024-01-30,N034,0.004057
2024-01-30,N035,-0.009047
2024-01-30,N036,-0.001021
2024-01-30,N037,-0.011488
2024-01-30,N038,0.012674
2024-01-30,N039,0.010824
2024-01-30,N040,-0.015875
2024-01-30,N041,-0.024079
2024-01-30,N042,0.022495
2024-01-30,N043,-0.010393
2024-01-30,N044,-0.000752
2024-01-30,N045,-0.017535
2024-01-30,N046,0.037514
2024-01-30,N047,0.006590
2024-01-30,N048,0.017042
2024-01-30,N049,-0.021775
2024-01-30,N050,-0.022892
2024-01-30,N051,-0.044052
2024-01-30,N052,0.020847
2024-01-30,N053,0.035095
2024-01-30,N054,0.027263
2024-01-30,N055,0.029518
2024-01-30,N056,0.004381
2024-01-30,N057,-0.002178
2024-01-30,N058,0.009506
2024-01-30,N059,-0.003881
2024-01-30,N060,-0.001445
2024-01-30,N061,-0.022100
2024-01-30,N062,0.006103
2024-01-30,N063,-0.011765
2024-01-30,N064,-0.030749
2024-01-30,N065,0.019862
2024-01-30,N066,0.023732
2024-01-30,N067,-0.054782
2024-01-30,N068,0.014093
2024-01-30,N069,0.002656
2024-01-30,N070,0.021264
2024-01-30,N071,-0.017562
2024-01-30,N072,-0.009345
2024-01-30,N073,-0.021600
2024-01-30,N074,-0.006906
2024-01-30,N075,0.016499
2024-01-30,N076,0.036028
2024-01-30,N077,-0.020595
2024-01-30,N078,0.011705
2024-01-30,N079,-0.009859
2024-01-30,N080,0.004752
2024-01-30,N081,0.032857
2024-01-30,N082,0.021165
2024-01-30,N083,-0.001120
2024-01-30,N084,0.020460
2024-01-30,N085,0.005375
2024-01-30,N086,0.018267
2024-01-30,N087,-0.013306
2024-01-30,N088,0.020031
2024-01-30,N089,-0.031664
2024-01-30,N090,0.040550
2024-01-30,N091,-0.007224
2024-01-30,N092,0.037822
2024-01-30,N093,-0.012287
2024-01-30,N094,0.027645
2024-01-30,N095,0.006829
2024-01-30,N096,0.016140
2024-01-30,N097,-0.046729
2024-01-30,N098,-0.005348
2024-01-30,N099,-0.003239
2024-01-30,N100,-0.011482
2024-01-30,N101,-0.010312
2024-01-30,N102,0.006291
2024-01-30,N103,-0.030188
2024-01-30,N104,0.018296
2024-01-30,N105,-0.030733
2024-01-30,N106,0.021681
2024-01-30,N107,-0.051187
2024-01-30,N108,-0.001090
2024-01-30,N109,-0.027525
2024-01-30,N110,0.001748
2024-01-30,N111,0.020586
2024-01-30,N112,0.000141
2024-01-30,N113,-0.003731
2024-01-30,N114,0.034079
2024-01-30,N115,0.014883
2024-01-30,N116,0.016891
2024-01-30,N117,-0.023787
2024-01-30,N118,0.019715
2024-01-30,N119,0.015153
2024-01-31,N000,-0.002069
2024-01-31,N001,0.001864
2024-01-31,N002,0.017253
2024-01-31,N003,-0.016420
2024-01-31,N004,0.039982
2024-01-31,N005,0.004971
2024-01-31,N006,0.027429
2024-01-31,N007,-0.009744
2024-01-31,N008,0.003614
2024-01-31,N009,-0.013892
2024-01-31,N010,0.042984
2024-01-31,N011,-0.000065
2024-01-31,N012,-0.010247
2024-01-31,N013,0.019402
2024-01-31,N014,-0.013412
2024-01-31,N015,-0.020782
2024-01-31,N016,-0.026634
2024-01-31,N017,0.019372
2024-01-31,N018,-0.049557
2024-01-31,N019,-0.010284
2024-01-31,N020,-0.015557
2024-01-31,N021,0.000088
2024-01-31,N022,-0.009774
2024-01-31,N023,0.019914
2024-01-31,N024,-0.002206
2024-01-31,N025,-0.000668
2024-01-31,N026,0.020422
2024-01-31,N027,-0.035488
2024-01-31,N028,0.004839
2024-01-31,N029,-0.032903
2024-01-31,N030,-0.011403
2024-01-31,N031,0.017783
2024-01-31,N032,0.019927
2024-01-31,N033,-0.011762
2024-01-31,N034,-0.007909
2024-01-31,N035,0.018440
2024-01-31,N036,-0.021913
2024-01-31,N037,0.014288
2024-01-31,N038,0.001939
2024-01-31,N039,0.011926
2024-01-31,N040,0.017397
2024-01-31,N041,0.022969
2024-01-31,N042,-0.039090
2024-01-31,N043,-0.029293
2024-01-31,N044,0.001114
2024-01-31,N045,0.001866
2024-01-31,N046,-0.002238
2024-01-31,N047,0.002679
2024-01-31,N048,-0.040013
2024-01-31,N049,0.002788
2024-01-31,N050,0.001502
2024-01-31,N051,0.018498
2024-01-31,N052,0.015732
2024-01-31,N053,-0.040791
2024-01-31,N054,-0.037488
2024-01-31,N055,-0.004301
2024-01-31,N056,0.011367
2024-01-31,N057,-0.001585
2024-01-31,N058,0.016352
2024-01-31,N059,-0.003133
2024-01-31,N060,-0.042536
2024-01-31,N061,-0.008587
2024-01-31,N062,-0.011882
2024-01-31,N063,0.015306
2024-01-31,N064,-0.017266
2024-01-31,N065,0.025955
2024-01-31,N066,-0.027234
2024-01-31,N067,0.003749
2024-01-31,N068,0.013254
2024-01-31,N069,-0.000128
2024-01-31,N070,0.018183
2024-01-31,N071,-0.013713
2024-01-31,N072,0.021601
2024-01-31,N073,-0.012460
2024-01-31,N074,-0.025237
2024-01-31,N075,0.016012
2024-01-31,N076,0.000957
2024-01-31,N077,0.001308
2024-01-31,N078,0.017785
2024-01-31,N079,-0.012949
2024-01-31,N080,-0.002727
2024-01-31,N081,0.013825
2024-01-31,N082,-0.013612
2024-01-31,N083,-0.017198
2024-01-31,N084,0.016210
2024-01-31,N085,-0.019812
2024-01-31,N086,0.023374
2024-01-31,N087,-0.024087
2024-01-31,N088,0.000856
2024-01-31,N089,0.018223
2024-01-31,N090,0.012023
2024-01-31,N091,0.010576
2024-01-31,N092,0.003762
2024-01-31,N093,-0.001902
2024-01-31,N094,0.027607
2024-01-31,N095,-0.003673
2024-01-31,N096,0.006235
2024-01-31,N097,-0.011351
2024-01-31,N098,0.026600
2024-01-31,N099,0.028855
2024-01-31,N100,-0.004299
2024-01-31,N101,0.031515
2024-01-31,N102,0.031844
2024-01-31,N103,-0.002538
2024-01-31,N104,-0.009483
2024-01-31,N105,-0.030760
2024-01-31,N106,0.012600
2024-01-31,N107,-0.030762
2024-01-31,N108,-0.034356
2024-01-31,N109,-0.010853
2024-01-31,N110,-0.005463
2024-01-31,N111,-0.020335
2024-01-31,N112,-0.030131
2024-01-31,N113,-0.009324
2024-01-31,N114,-0.024185
2024-01-31,N115,-0.002444
2024-01-31,N116,0.019308
2024-01-31,N117,0.018266
2024-01-31,N118,-0.017507
2024-01-31,N119,-0.023737
2024-02-01,N000,0.000746
2024-02-01,N001,-0.008539
2024-02-01,N002,0.007392
2024-02-01,N003,0.011594
2024-02-01,N004,0.002289
2024-02-01,N005,0.039041
2024-02-01,N006,0.024102
2024-02-01,N007,-0.018750
2024-02-01,N008,0.000878
2024-02-01,N009,0.011547
2024-02-01,N010,-0.006224
2024-02-01,N011,0.007344
2024-02-01,N012,0.010483
2024-02-01,N013,-0.016542
2024-02-01,N014,-0.022683
2024-02-01,N015,-0.000953
2024-02-01,N016,0.008269
2024-02-01,N017,0.009713
2024-02-01,N018,-0.019361
2024-02-01,N019,-0.008919
2024-02-01,N020,0.018247
2024-02-01,N021,-0.000900
2024-02-01,N022,-0.013872
2024-02-01,N023,0.007538
2024-02-01,N024,0.020765
2024-02-01,N025,0.043302
2024-02-01,N026,0.012569
2024-02-01,N027,-0.023545
2024-02-01,N028,0.007348
2024-02-01,N029,0.021813
2024-02-01,N030,0.004595
2024-02-01,N031,-0.006548
2024-02-01,N032,0.001491
2024-02-01,N033,-0.037118
2024-02-01,N034,-0.019916
2024-02-01,N035,0.044217
2024-02-01,N036,-0.006820
2024-02-01,N037,0.029414
2024-02-01,N038,0.014810
2024-02-01,N039,-0.019640
2024-02-01,N040,-0.012220
2024-02-01,N041,-0.005236
2024-02-01,N042,-0.014822
2024-02-01,N043,-0.018141
2024-02-01,N044,-0.009552
2024-02-01,N045,0.000982
2024-02-01,N046,-0.010948
2024-02-01,N047,-0.041414
2024-02-01,N048,0.033056
2024-02-01,N049,0.003594
2024-02-01,N050,0.004596
2024-02-01,N051,0.018874
2024-02-01,N052,0.024644
2024-02-01,N053,0.020205
2024-02-01,N054,-0.017239
2024-02-01,N055,-0.013682
2024-02-01,N056,0.021493
2024-02-01,N057,-0.021217
2024-02-01,N058,-0.027518
2024-02-01,N059,-0.028559
2024-02-01,N060,-0.033657
2024-02-01,N061,-0.021795
2024-02-01,N062,-0.019628
2024-02-01,N063,-0.029761
2024-02-01,N064,0.011131
2024-02-01,N065,-0.001970
2024-02-01,N066,-0.019041
2024-02-01,N067,0.020595
2024-02-01,N068,0.009600
2024-02-01,N069,-0.009894
2024-02-01,N070,-0.010141
2024-02-01,N071,0.008450
2024-02-01,N072,0.030050
2024-02-01,N073,0.009987
2024-02-01,N074,-0.022968
2024-02-01,N075,0.022976
2024-02-01,N076,0.014203
2024-02-01,N077,0.027842
2024-02-01,N078,-0.022292
2024-02-01,N079,0.001938
2024-02-01,N080,-0.059480
2024-02-01,N081,-0.008869
2024-02-01,N082,-0.007883
2024-02-01,N083,-0.022175
2024-02-01,N084,0.001135
2024-02-01,N085,0.018337
2024-02-01,N086,-0.014164
2024-02-01,N087,-0.002224
2024-02-01,N088,-0.025730
2024-02-01,N089,-0.025220
2024-02-01,N090,0.004075
2024-02-01,N091,0.009952
2024-02-01,N092,-0.017804
2024-02-01,N093,-0.014192
2024-02-01,N094,0.025369
2024-02-01,N095,0.023028
2024-02-01,N096,0.009773
2024-02-01,N097,-0.033012
2024-02-01,N098,-0.013859
2024-02-01,N099,0.011413
2024-02-01,N100,-0.022018
2024-02-01,N101,0.027310
2024-02-01,N102,-0.018583
2024-02-01,N103,0.031769
2024-02-01,N104,-0.010090
2024-02-01,N105,0.021982
2024-02-01,N106,0.001425
2024-02-01,N107,-0.011893
2024-02-01,N108,0.007529
2024-02-01,N109,-0.003649
2024-02-01,N110,0.018819
2024-02-01,N111,0.003498
2024-02-01,N112,-0.036185
2024-02-01,N113,-0.039973
2024-02-01,N114,0.012469
2024-02-01,N115,-0.000426
2024-02-01,N116,-0.017252
2024-02-01,N117,-0.019733
2024-02-01,N118,-0.014065
2024-02-01,N119,0.005257
2024-02-02,N000,-0.015660
2024-02-02,N001,0.003003
2024-02-02,N002,0.019252
2024-02-02,N003,0.008230
2024-02-02,N004,-0.004166
2024-02-02,N005,0.002499
2024-02-02,N006,0.005100
2024-02-02,N007,0.005106
2024-02-02,N008,0.031991
2024-02-02,N009,-0.008215
2024-02-02,N010,-0.028335
2024-02-02,N011,0.014925
2024-02-02,N012,0.006253
2024-02-02,N013,0.015430
2024-02-02,N014,0.001351
2024-02-02,N015,-0.026496
2024-02-02,N016,0.004749
2024-02-02,N017,-0.030262
2024-02-02,N018,-0.021734
2024-02-02,N019,-0.015098
2024-02-02,N020,0.033801
2024-02-02,N021,0.025643
2024-02-02,N022,-0.010714
2024-02-02,N023,0.003529
2024-02-02,N024,0.008281
2024-02-02,N025,0.007410
2024-02-02,N026,0.001762
2024-02-02,N027,0.004847
2024-02-02,N028,0.021102
2024-02-02,N029,-0.017239
2024-02-02,N030,-0.027252
2024-02-02,N031,-0.015301
2024-02-02,N032,-0.026102
2024-02-02,N033,-0.011997
2024-02-02,N034,-0.006029
2024-02-02,N035,0.024611
2024-02-02,N036,-0.023876
2024-02-02,N037,0.010789
2024-02-02,N038,-0.031992
2024-02-02,N039,-0.027939
2024-02-02,N040,-0.008331
2024-02-02,N041,-0.037701
2024-02-02,N042,0.005397
2024-02-02,N043,0.014350
2024-02-02,N044,-0.010180
2024-02-02,N045,-0.027673
2024-02-02,N046,0.022100
2024-02-02,N047,0.006406
2024-02-02,N048,0.005254
2024-02-02,N049,-0.036242
2024-02-02,N050,-0.014737
2024-02-02,N051,0.030834
2024-02-02,N052,-0.006817
2024-02-02,N053,-0.026035
2024-02-02,N054,-0.008732
2024-02-02,N055,-0.019024
2024-02-02,N056,-0.011989
2024-02-02,N057,0.007526
2024-02-02,N058,-0.004873
2024-02-02,N059,0.001891
2024-02-02,N060,0.007772
2024-02-02,N061,-0.011017
2024-02-02,N062,-0.005160
2024-02-02,N063,-0.036836
2024-02-02,N064,0.039953
2024-02-02,N065,0.029396
2024-02-02,N066,0.001770
2024-02-02,N067,0.009093
2024-02-02,N068,-0.049658
2024-02-02,N069,-0.013728
2024-02-02,N070,-0.006850
2024-02-02,N071,0.006754
2024-02-02,N072,-0.050608
2024-02-02,N073,-0.028082
2024-02-02,N074,0.014618
2024-02-02,N075,0.023569
2024-02-02,N076,-0.013346
2024-02-02,N077,-0.013376
2024-02-02,N078,-0.001867
2024-02-02,N079,0.012844
2024-02-02,N080,-0.015169
2024-02-02,N081,-0.000821
2024-02-02,N082,-0.006948
2024-02-02,N083,-0.011153
2024-02-02,N084,-0.014719
2024-02-02,N085,0.043664
2024-02-02,N086,0.042956
2024-02-02,N087,-0.023362
2024-02-02,N088,0.006268
2024-02-02,N089,0.018382
2024-02-02,N090,-0.039179
2024-02-02,N091,-0.023175
2024-02-02,N092,-0.021093
2024-02-02,N093,0.000892
2024-02-02,N094,-0.030784
2024-02-02,N095,0.007018
2024-02-02,N096,0.027041
2024-02-02,N097,-0.000488
2024-02-02,N098,-0.007169
2024-02-02,N099,0.031375
2024-02-02,N100,-0.000874
2024-02-02,N101,-0.042016
2024-02-02,N102,0.007457
2024-02-02,N103,0.003630
2024-02-02,N104,0.033613
2024-02-02,N105,0.006824
2024-02-02,N106,0.020712
2024-02-02,N107,0.000317
2024-02-02,N108,-0.011381
2024-02-02,N109,0.007793
2024-02-02,N110,0.017032
2024-02-02,N111,0.001172
2024-02-02,N112,0.015846
2024-02-02,N113,0.023647
2024-02-02,N114,0.013719
2024-02-02,N115,-0.006204
2024-02-02,N116,-0.000104
2024-02-02,N117,0.026897
2024-02-02,N118,0.017082
2024-02-02,N119,-0.010917
2024-02-05,N000,-0.015569
2024-02-05,N001,-0.002286
2024-02-05,N002,-0.035643
2024-02-05,N003,0.025218
2024-02-05,N004,-0.010469
2024-02-05,N005,-0.037420
2024-02-05,N006,0.003826
2024-02-05,N007,0.053323
2024-02-05,N008,-0.021387
2024-02-05,N009,-0.000078
2024-02-05,N010,-0.022571
2024-02-05,N011,-0.020269
2024-02-05,N012,0.005042
2024-02-05,N013,-0.006231
2024-02-05,N014,0.002926
2024-02-05,N015,0.014811
2024-02-05,N016,0.003628
2024-02-05,N017,-0.014481
2024-02-05,N018,-0.023472
2024-02-05,N019,0.007267
2024-02-05,N020,-0.011376
2024-02-05,N021,0.041192
2024-02-05,N022,-0.014308
2024-02-05,N023,0.001692
2024-02-05,N024,0.040642
2024-02-05,N025,-0.008117
2024-02-05,N026,0.021483
2024-02-05,N027,-0.037960
2024-02-05,N028,-0.012265
2024-02-05,N029,0.054726
2024-02-05,N030,0.010429
2024-02-05,N031,-0.013335
2024-02-05,N032,0.015977
2024-02-05,N033,-0.014231
2024-02-05,N034,-0.034334
2024-02-05,N035,0.005087
2024-02-05,N036,0.014637
2024-02-05,N037,0.017780
2024-02-05,N038,0.018134
2024-02-05,N039,0.041070
2024-02-05,N040,0.006120
2024-02-05,N041,0.001385
2024-02-05,N042,0.001117
2024-02-05,N043,0.013568
2024-02-05,N044,-0.016738
2024-02-05,N045,-0.001644
2024-02-05,N046,0.007067
2024-02-05,N047,-0.016088
2024-02-05,N048,0.019610
2024-02-05,N049,0.020397
2024-02-05,N050,-0.009403
2024-02-05,N051,0.001440
2024-02-05,N052,-0.018289
2024-02-05,N053,-0.008000
2024-02-05,N054,0.027501
2024-02-05,N055,0.003386
2024-02-05,N056,-0.015871
2024-02-05,N057,-0.008507
2024-02-05,N058,0.009457
2024-02-05,N059,0.051191
2024-02-05,N060,-0.023224
2024-02-05,N061,0.024070
2024-02-05,N062,0.019897
2024-02-05,N063,0.003466
2024-02-05,N064,-0.023718
2024-02-05,N065,-0.017334
2024-02-05,N066,0.019955
2024-02-05,N067,-0.034732
2024-02-05,N068,0.005293
2024-02-05,N069,0.031458
2024-02-05,N070,0.001061
2024-02-05,N071,0.005704
2024-02-05,N072,-0.033838
2024-02-05,N073,0.014314
2024-02-05,N074,0.029985
2024-02-05,N075,-0.010142
2024-02-05,N076,-0.011876
2024-02-05,N077,0.018636
2024-02-05,N078,0.024846
2024-02-05,N079,-0.031441
2024-02-05,N080,0.013958
2024-02-05,N081,0.021362
2024-02-05,N082,0.006107
2024-02-05,N083,0.030432
2024-02-05,N084,-0.024839
2024-02-05,N085,-0.000981
2024-02-05,N086,0.015850
2024-02-05,N087,-0.001779
2024-02-05,N088,-0.000229
2024-02-05,N089,0.006163
2024-02-05,N090,-0.004193
2024-02-05,N091,0.031959
2024-02-05,N092,-0.045246
2024-02-05,N093,-0.001906
2024-02-05,N094,0.005023
2024-02-05,N095,-0.049626
2024-02-05,N096,-0.005561
2024-02-05,N097,0.011341
2024-02-05,N098,0.028089
2024-02-05,N099,0.035488
2024-02-05,N100,0.013695
2024-02-05,N101,-0.005687
2024-02-05,N102,-0.012651
2024-02-05,N103,0.004816
2024-02-05,N104,0.014947
2024-02-05,N105,0.053781
2024-02-05,N106,-0.007183
2024-02-05,N107,-0.019500
2024-02-05,N108,-0.002975
2024-02-05,N109,-0.043320
2024-02-05,N110,0.006464
2024-02-05,N111,-0.016670
2024-02-05,N112,0.028325
2024-02-05,N113,0.003838
2024-02-05,N114,-0.010848
2024-02-05,N115,-0.031340
2024-02-05,N116,-0.008771
2024-02-05,N117,-0.022714
2024-02-05,N118,-0.018556
2024-02-05,N119,-0.003696
2024-02-06,N000,-0.006227
2024-02-06,N001,0.013717
2024-02-06,N002,0.015979
2024-02-06,N003,-0.049325
2024-02-06,N004,0.020421
2024-02-06,N005,-0.022492
2024-02-06,N006,-0.005611
2024-02-06,N007,-0.003847
2024-02-06,N008,-0.000725
2024-02-06,N009,0.005383
2024-02-06,N010,-0.013963
2024-02-06,N011,-0.005459
2024-02-06,N012,-0.003310
2024-02-06,N013,-0.012771
2024-02-06,N014,-0.008830
2024-02-06,N015,-0.024831
2024-02-06,N016,0.013799
2024-02-06,N017,-0.001680
2024-02-06,N018,-0.001131
2024-02-06,N019,0.003864
2024-02-06,N020,-0.001190
2024-02-06,N021,-0.018402
2024-02-06,N022,0.016027
2024-02-06,N023,-0.039302
2024-02-06,N024,-0.022665
2024-02-06,N025,-0.006621
2024-02-06,N026,-0.012804
2024-02-06,N027,0.014136
2024-02-06,N028,-0.014029
2024-02-06,N029,-0.000499
2024-02-06,N030,-0.044109
2024-02-06,N031,0.018508
2024-02-06,N032,-0.000645
2024-02-06,N033,0.010446
2024-02-06,N034,-0.002109
2024-02-06,N035,0.020078
2024-02-06,N036,-0.031271
2024-02-06,N037,-0.020614
2024-02-06,N038,-0.012194
2024-02-06,N039,-0.015809
2024-02-06,N040,-0.006839
2024-02-06,N041,-0.021391
2024-02-06,N042,-0.028033
2024-02-06,N043,-0.030306
2024-02-06,N044,0.025289
2024-02-06,N045,-0.001073
2024-02-06,N046,-0.013612
2024-02-06,N047,0.007000
2024-02-06,N048,0.003192
2024-02-06,N049,-0.008388
2024-02-06,N050,-0.040654
2024-02-06,N051,-0.000049
2024-02-06,N052,-0.007029
2024-02-06,N053,-0.011898
2024-02-06,N054,0.014573
2024-02-06,N055,-0.009143
2024-02-06,N056,-0.008987
2024-02-06,N057,0.007460
2024-02-06,N058,0.000083
2024-02-06,N059,-0.018895
2024-02-06,N060,-0.035311
2024-02-06,N061,0.026681
2024-02-06,N062,0.001351
2024-02-06,N063,-0.000390
2024-02-06,N064,0.033026
2024-02-06,N065,-0.000782
2024-02-06,N066,-0.056057
2024-02-06,N067,-0.004747
2024-02-06,N068,0.005519
2024-02-06,N069,0.008186
2024-02-06,N070,0.015500
2024-02-06,N071,-0.010105
2024-02-06,N072,0.023284
2024-02-06,N073,-0.005572
2024-02-06,N074,-0.004340
2024-02-06,N075,-0.028310
2024-02-06,N076,-0.020039
2024-02-06,N077,-0.001447
2024-02-06,N078,0.028114
2024-02-06,N079,-0.002000
2024-02-06,N080,0.005448
2024-02-06,N081,-0.041009
2024-02-06,N082,-0.003453
2024-02-06,N083,0.011970
2024-02-06,N084,0.001573
2024-02-06,N085,0.000413
2024-02-06,N086,0.003387
2024-02-06,N087,-0.015446
2024-02-06,N088,-0.045031
2024-02-06,N089,0.032116
2024-02-06,N090,0.000939
2024-02-06,N091,-0.004345
2024-02-06,N092,0.027770
2024-02-06,N093,0.017930
2024-02-06,N094,0.034529
2024-02-06,N095,0.011185
2024-02-06,N096,0.019540
2024-02-06,N097,-0.000853
2024-02-06,N098,0.016838
2024-02-06,N099,0.017239
2024-02-06,N100,0.009090
2024-02-06,N101,0.006407
2024-02-06,N102,0.044357
2024-02-06,N103,-0.008909
2024-02-06,N104,-0.017820
2024-02-06,N105,-0.010396
2024-02-06,N106,0.036452
2024-02-06,N107,0.005201
2024-02-06,N108,0.032851
2024-02-06,N109,-0.012983
2024-02-06,N110,0.008925
2024-02-06,N111,-0.004207
2024-02-06,N112,-0.046093
2024-02-06,N113,-0.017193
2024-02-06,N114,0.005003
2024-02-06,N115,0.026048
2024-02-06,N116,0.002794
2024-02-06,N117,0.006549
2024-02-06,N118,0.025713
2024-02-06,N119,-0.012752
2024-02-07,N000,0.025173
2024-02-07,N001,0.037815
2024-02-07,N002,0.008614
2024-02-07,N003,0.019493
2024-02-07,N004,0.003492
2024-02-07,N005,0.048382
2024-02-07,N006,-0.008768
2024-02-07,N007,0.000393
2024-02-07,N008,-0.012807
2024-02-07,N009,0.004645
2024-02-07,N010,-0.040109
2024-02-07,N011,0.033090
2024-02-07,N012,0.022091
2024-02-07,N013,0.019355
2024-02-07,N014,0.052434
2024-02-07,N015,0.014571
2024-02-07,N016,-0.002341
2024-02-07,N017,-0.010861
2024-02-07,N018,-0.008751
2024-02-07,N019,0.020317
2024-02-07,N020,0.018843
2024-02-07,N021,0.025664
2024-02-07,N022,0.006797
2024-02-07,N023,-0.020451
2024-02-07,N024,0.002887
2024-02-07,N025,-0.002003
2024-02-07,N026,0.009771
2024-02-07,N027,0.000251
2024-02-07,N028,-0.012526
2024-02-07,N029,-0.010461
2024-02-07,N030,0.050260
2024-02-07,N031,0.013652
2024-02-07,N032,-0.010530
2024-02-07,N033,-0.010138
2024-02-07,N034,0.003737
2024-02-07,N035,0.017336
2024-02-07,N036,-0.015088
2024-02-07,N037,0.035880
2024-02-07,N038,-0.009776
2024-02-07,N039,0.007600
2024-02-07,N040,0.018269
2024-02-07,N041,0.032906
2024-02-07,N042,-0.020444
2024-02-07,N043,-0.030986
2024-02-07,N044,0.005484
2024-02-07,N045,-0.012734
2024-02-07,N046,-0.038567
2024-02-07,N047,-0.009265
2024-02-07,N048,-0.005931
2024-02-07,N049,-0.007470
2024-02-07,N050,-0.014624
2024-02-07,N051,0.015928
2024-02-07,N052,-0.016044
2024-02-07,N053,0.005747
2024-02-07,N054,0.002689
2024-02-07,N055,-0.035166
2024-02-07,N056,0.003500
2024-02-07,N057,-0.019145
2024-02-07,N058,0.010804
2024-02-07,N059,0.044751
2024-02-07,N060,0.008735
2024-02-07,N061,0.033417
2024-02-07,N062,-0.003322
2024-02-07,N063,-0.019429
2024-02-07,N064,0.010010
2024-02-07,N065,-0.029964
2024-02-07,N066,-0.020550
2024-02-07,N067,-0.003362
2024-02-07,N068,0.007863
2024-02-07,N069,0.000937
2024-02-07,N070,-0.010327
2024-02-07,N071,0.032151
2024-02-07,N072,0.010798
2024-02-07,N073,0.012360
2024-02-07,N074,-0.006934
2024-02-07,N075,0.017270
2024-02-07,N076,-0.014155
2024-02-07,N077,0.012916
2024-02-07,N078,-0.006529
2024-02-07,N079,-0.013054
2024-02-07,N080,-0.028681
2024-02-07,N081,-0.001022
2024-02-07,N082,-0.027068
2024-02-07,N083,0.022067
2024-02-07,N084,-0.042106
2024-02-07,N085,0.038213
2024-02-07,N086,0.000736
2024-02-07,N087,0.030106
2024-02-07,N088,-0.009999
2024-02-07,N089,0.015200
2024-02-07,N090,-0.040745
2024-02-07,N091,0.006231
2024-02-07,N092,-0.002515
2024-02-07,N093,-0.000532
2024-02-07,N094,-0.009790
2024-02-07,N095,-0.015669
2024-02-07,N096,-0.019975
2024-02-07,N097,-0.003162
2024-02-07,N098,0.020132
2024-02-07,N099,0.028802
2024-02-07,N100,-0.021478
2024-02-07,N101,0.006939
2024-02-07,N102,-0.004938
2024-02-07,N103,-0.024043
2024-02-07,N104,-0.023942
2024-02-07,N105,-0.023902
2024-02-07,N106,0.025175
2024-02-07,N107,0.022504
2024-02-07,N108,-0.012182
2024-02-07,N109,0.010117
2024-02-07,N110,0.011833
2024-02-07,N111,0.025409
2024-02-07,N112,-0.041079
2024-02-07,N113,-0.024913
2024-02-07,N114,-0.018545
2024-02-07,N115,-0.029893
2024-02-07,N116,-0.046407
2024-02-07,N117,-0.009170
2024-02-07,N118,0.023291
2024-02-07,N119,0.027943
2024-02-08,N000,-0.044991
2024-02-08,N001,0.025336
2024-02-08,N002,-0.016528
2024-02-08,N003,-0.018894
2024-02-08,N004,0.010024
2024-02-08,N005,0.000941
2024-02-08,N006,0.010390
2024-02-08,N007,0.004817
2024-02-08,N008,-0.022348
2024-02-08,N009,-0.009206
2024-02-08,N010,0.012004
2024-02-08,N011,0.019041
2024-02-08,N012,0.014340
2024-02-08,N013,0.019373
2024-02-08,N014,-0.020483
2024-02-08,N015,0.005828
2024-02-08,N016,-0.004520
2024-02-08,N017,0.015116
2024-02-08,N018,-0.023197
2024-02-08,N019,-0.003129
2024-02-08,N020,-0.008403
2024-02-08,N021,0.039682
2024-02-08,N022,0.012661
2024-02-08,N023,0.037743
2024-02-08,N024,0.012443
2024-02-08,N025,0.018133
2024-02-08,N026,-0.032034
2024-02-08,N027,-0.033492
2024-02-08,N028,0.012617
2024-02-08,N029,0.011048
2024-02-08,N030,0.010610
2024-02-08,N031,0.007373
2024-02-08,N032,0.035613
2024-02-08,N033,0.011585
2024-02-08,N034,-0.000001
2024-02-08,N035,0.005321
2024-02-08,N036,0.000109
2024-02-08,N037,0.006601
2024-02-08,N038,-0.001653
2024-02-08,N039,-0.004203
2024-02-08,N040,0.044001
2024-02-08,N041,0.006203
2024-02-08,N042,0.028952
2024-02-08,N043,-0.015904
2024-02-08,N044,-0.000086
2024-02-08,N045,-0.021126
2024-02-08,N046,0.004784
2024-02-08,N047,-0.013436
2024-02-08,N048,-0.002176
2024-02-08,N049,0.022184
2024-02-08,N050,0.015242
2024-02-08,N051,0.037213
2024-02-08,N052,0.005150
2024-02-08,N053,-0.025773
2024-02-08,N054,-0.048666
2024-02-08,N055,0.024724
2024-02-08,N056,0.026545
2024-02-08,N057,-0.017549
2024-02-08,N058,-0.012934
2024-02-08,N059,0.024876
2024-02-08,N060,-0.028015
2024-02-08,N061,0.032041
2024-02-08,N062,0.018256
2024-02-08,N063,0.013282
2024-02-08,N064,-0.011511
2024-02-08,N065,0.040115
2024-02-08,N066,-0.010130
2024-02-08,N067,-0.025776
2024-02-08,N068,0.008700
2024-02-08,N069,-0.008744
2024-02-08,N070,0.018772
2024-02-08,N071,0.012214
2024-02-08,N072,0.015098
2024-02-08,N073,0.014536
2024-02-08,N074,0.027465
2024-02-08,N075,-0.001294
2024-02-08,N076,0.007601
2024-02-08,N077,0.005928
2024-02-08,N078,0.037583
2024-02-08,N079,-0.051994
2024-02-08,N080,0.015294
2024-02-08,N081,-0.012298
2024-02-08,N082,0.031632
2024-02-08,N083,0.008629
2024-02-08,N084,-0.000615
2024-02-08,N085,-0.008012
2024-02-08,N086,0.002534
2024-02-08,N087,-0.014358
2024-02-08,N088,0.020021
2024-02-08,N089,-0.022626
2024-02-08,N090,-0.003039
2024-02-08,N091,0.002763
2024-02-08,N092,-0.020722
2024-02-08,N093,0.026567
2024-02-08,N094,0.002053
2024-02-08,N095,-0.025427
2024-02-08,N096,0.006679
2024-02-08,N097,-0.001047
2024-02-08,N098,0.001105
2024-02-08,N099,-0.002718
2024-02-08,N100,-0.017345
2024-02-08,N101,-0.017495
2024-02-08,N102,-0.008075
2024-02-08,N103,0.020447
2024-02-08,N104,0.002866
2024-02-08,N105,-0.003556
2024-02-08,N106,0.017552
2024-02-08,N107,-0.000295
2024-02-08,N108,-0.017586
2024-02-08,N109,-0.016693
2024-02-08,N110,-0.026131
2024-02-08,N111,0.006891
2024-02-08,N112,-0.052069
2024-02-08,N113,-0.026680
2024-02-08,N114,0.012157
2024-02-08,N115,0.021856
2024-02-08,N116,0.020859
2024-02-08,N117,0.015971
2024-02-08,N118,0.018462
2024-02-08,N119,0.022037
2024-02-09,N000,-0.014408
2024-02-09,N001,-0.007976
2024-02-09,N002,-0.002532
2024-02-09,N003,-0.006714
2024-02-09,N004,-0.010823
2024-02-09,N005,0.012083
2024-02-09,N006,0.032528
2024-02-09,N007,0.005159
2024-02-09,N008,-0.033410
2024-02-09,N009,0.010221
2024-02-09,N010,-0.014991
2024-02-09,N011,-0.031981
2024-02-09,N012,-0.003716
2024-02-09,N013,0.006589
2024-02-09,N014,-0.012353
2024-02-09,N015,-0.033939
2024-02-09,N016,-0.024583
2024-02-09,N017,0.003984
2024-02-09,N018,-0.032971
2024-02-09,N019,0.047943
2024-02-09,N020,-0.019380
2024-02-09,N021,-0.014598
2024-02-09,N022,0.013531
2024-02-09,N023,0.010179
2024-02-09,N024,0.017885
2024-02-09,N025,-0.011430
2024-02-09,N026,-0.026817
2024-02-09,N027,-0.021906
2024-02-09,N028,-0.035809
2024-02-09,N029,0.010981
2024-02-09,N030,0.002384
2024-02-09,N031,-0.005380
2024-02-09,N032,0.001813
2024-02-09,N033,0.022113
2024-02-09,N034,0.005764
2024-02-09,N035,0.004316
2024-02-09,N036,-0.039801
2024-02-09,N037,0.012476
2024-02-09,N038,-0.005787
2024-02-09,N039,0.008481
2024-02-09,N040,-0.024363
2024-02-09,N041,0.027245
2024-02-09,N042,0.005254
2024-02-09,N043,0.022688
2024-02-09,N044,0.012985
2024-02-09,N045,-0.016207
2024-02-09,N046,-0.009188
2024-02-09,N047,0.043646
2024-02-09,N048,0.034397
2024-02-09,N049,-0.019636
2024-02-09,N050,-0.042061
2024-02-09,N051,-0.013999
2024-02-09,N052,0.012583
2024-02-09,N053,0.025767
2024-02-09,N054,0.003219
2024-02-09,N055,-0.031114
2024-02-09,N056,0.012576
2024-02-09,N057,-0.009265
2024-02-09,N058,-0.015370
2024-02-09,N059,-0.034724
2024-02-09,N060,0.018006
2024-02-09,N061,0.025182
2024-02-09,N062,0.011830
2024-02-09,N063,-0.022999
2024-02-09,N064,0.001429
2024-02-09,N065,-0.031059
2024-02-09,N066,0.004801
2024-02-09,N067,-0.013359
2024-02-09,N068,0.006318
2024-02-09,N069,-0.008838
2024-02-09,N070,-0.018153
2024-02-09,N071,0.000227
2024-02-09,N072,0.010010
2024-02-09,N073,-0.037235
2024-02-09,N074,-0.015873
2024-02-09,N075,0.010233
2024-02-09,N076,-0.005528
2024-02-09,N077,0.001911
2024-02-09,N078,-0.015281
2024-02-09,N079,0.038987
2024-02-09,N080,0.025319
2024-02-09,N081,0.012047
2024-02-09,N082,0.004492
2024-02-09,N083,0.022376
2024-02-09,N084,-0.012752
2024-02-09,N085,-0.011155
2024-02-09,N086,-0.034435
2024-02-09,N087,-0.009048
2024-02-09,N088,-0.020182
2024-02-09,N089,-0.009290
2024-02-09,N090,0.000383
2024-02-09,N091,-0.009561
2024-02-09,N092,-0.001045
2024-02-09,N093,0.000928
2024-02-09,N094,0.009330
2024-02-09,N095,-0.010525
2024-02-09,N096,-0.005918
2024-02-09,N097,0.025448
2024-02-09,N098,0.033638
2024-02-09,N099,-0.008703
2024-02-09,N100,0.011545
2024-02-09,N101,0.032088
2024-02-09,N102,-0.010990
2024-02-09,N103,-0.007731
2024-02-09,N104,0.025218
2024-02-09,N105,0.004585
2024-02-09,N106,0.024247
2024-02-09,N107,0.018301
2024-02-09,N108,0.018410
2024-02-09,N109,-0.019347
2024-02-09,N110,-0.018818
2024-02-09,N111,0.026664
2024-02-09,N112,0.001649
2024-02-09,N113,-0.021402
2024-02-09,N114,0.011869
2024-02-09,N115,0.014471
2024-02-09,N116,-0.025892
2024-02-09,N117,0.000040
2024-02-09,N118,0.005163
2024-02-09,N119,-0.030464
2024-02-12,N000,0.015165
2024-02-12,N001,-0.022295
2024-02-12,N002,-0.009927
2024-02-12,N003,0.005213
2024-02-12,N004,0.003841
2024-02-12,N005,-0.005753
2024-02-12,N006,0.018534
2024-02-12,N007,-0.009939
2024-02-12,N008,0.019582
2024-02-12,N009,0.005752
2024-02-12,N010,-0.020383
2024-02-12,N011,-0.022025
2024-02-12,N012,0.022213
2024-02-12,N013,-0.006146
2024-02-12,N014,0.012291
2024-02-12,N015,0.017542
2024-02-12,N016,0.014333
2024-02-12,N017,0.009030
2024-02-12,N018,0.022753
2024-02-12,N019,-0.003923
2024-02-12,N020,0.034009
2024-02-12,N021,-0.015658
2024-02-12,N022,-0.001025
2024-02-12,N023,0.008353
2024-02-12,N024,-0.032134
2024-02-12,N025,0.035068
2024-02-12,N026,-0.017524
2024-02-12,N027,-0.039332
2024-02-12,N028,0.003952
2024-02-12,N029,-0.007715
2024-02-12,N030,0.027312
2024-02-12,N031,-0.013362
2024-02-12,N032,-0.015240
2024-02-12,N033,0.022754
2024-02-12,N034,-0.016552
2024-02-12,N035,-0.026689
2024-02-12,N036,0.034027
2024-02-12,N037,-0.014178
2024-02-12,N038,-0.006513
2024-02-12,N039,-0.048757
2024-02-12,N040,-0.008980
2024-02-12,N041,-0.007300
2024-02-12,N042,-0.042664
2024-02-12,N043,0.017104
2024-02-12,N044,-0.012265
2024-02-12,N045,0.032268
2024-02-12,N046,-0.034890
2024-02-12,N047,-0.011593
2024-02-12,N048,0.004634
2024-02-12,N049,-0.017044
2024-02-12,N050,-0.022381
2024-02-12,N051,0.017049
2024-02-12,N052,-0.017815
2024-02-12,N053,-0.000330
2024-02-12,N054,0.018937
2024-02-12,N055,-0.017263
2024-02-12,N056,-0.021908
2024-02-12,N057,-0.031830
2024-02-12,N058,0.014501
2024-02-12,N059,0.010467
2024-02-12,N060,-0.034903
2024-02-12,N061,-0.034713
2024-02-12,N062,-0.007213
2024-02-12,N063,0.005212
2024-02-12,N064,-0.026781
2024-02-12,N065,0.018395
2024-02-12,N066,-0.004669
2024-02-12,N067,-0.006847
2024-02-12,N068,0.004217
2024-02-12,N069,-0.007214
2024-02-12,N070,-0.032365
2024-02-12,N071,0.037973
2024-02-12,N072,-0.001785
2024-02-12,N073,0.009046
2024-02-12,N074,0.005685
2024-02-12,N075,0.008354
2024-02-12,N076,0.007506
2024-02-12,N077,-0.008743
2024-02-12,N078,0.022935
2024-02-12,N079,-0.031341
2024-02-12,N080,0.009231
2024-02-12,N081,-0.019607
2024-02-12,N082,-0.001215
2024-02-12,N083,-0.004704
2024-02-12,N084,-0.032788
2024-02-12,N085,0.037238
2024-02-12,N086,-0.022847
2024-02-12,N087,-0.054033
2024-02-12,N088,-0.007921
2024-02-12,N089,0.021863
2024-02-12,N090,0.004684
2024-02-12,N091,-0.027632
2024-02-12,N092,-0.010094
2024-02-12,N093,0.007018
2024-02-12,N094,0.014379
2024-02-12,N095,-0.025890
2024-02-12,N096,0.017101
2024-02-12,N097,-0.003081
2024-02-12,N098,-0.027982
2024-02-12,N099,0.011648
2024-02-12,N100,-0.006533
2024-02-12,N101,-0.017750
2024-02-12,N102,-0.025793
2024-02-12,N103,0.001215
2024-02-12,N104,0.039896
2024-02-12,N105,0.022647
2024-02-12,N106,0.033083
2024-02-12,N107,-0.051969
2024-02-12,N108,0.022545
2024-02-12,N109,0.007674
2024-02-12,N110,-0.014613
2024-02-12,N111,0.005591
2024-02-12,N112,0.012344
2024-02-12,N113,-0.001745
2024-02-12,N114,0.045172
2024-02-12,N115,-0.021322
2024-02-12,N116,0.025889
2024-02-12,N117,-0.001091
2024-02-12,N118,0.002808
2024-02-12,N119,-0.011766
2024-02-13,N000,0.017759
2024-02-13,N001,0.010340
2024-02-13,N002,-0.004025
2024-02-13,N003,0.004584
2024-02-13,N004,0.018887
2024-02-13,N005,-0.016440
2024-02-13,N006,0.011440
2024-02-13,N007,-0.023766
2024-02-13,N008,0.012934
2024-02-13,N009,0.007950
2024-02-13,N010,0.000460
2024-02-13,N011,-0.021978
2024-02-13,N012,0.005955
2024-02-13,N013,0.002387
2024-02-13,N014,0.003588
2024-02-13,N015,-0.006933
2024-02-13,N016,0.004282
2024-02-13,N017,-0.003533
2024-02-13,N018,-0.055944
2024-02-13,N019,0.015140
2024-02-13,N020,0.028444
2024-02-13,N021,0.018487
2024-02-13,N022,-0.011679
2024-02-13,N023,-0.026105
2024-02-13,N024,-0.029727
2024-02-13,N025,-0.031138
2024-02-13,N026,0.014711
2024-02-13,N027,0.038927
2024-02-13,N028,0.007704
2024-02-13,N029,-0.032569
2024-02-13,N030,-0.032564
2024-02-13,N031,0.000681
2024-02-13,N032,0.015971
2024-02-13,N033,-0.016322
2024-02-13,N034,0.008530
2024-02-13,N035,-0.013281
2024-02-13,N036,-0.000672
2024-02-13,N037,-0.005610
2024-02-13,N038,-0.000306
2024-02-13,N039,0.002437
2024-02-13,N040,-0.019449
2024-02-13,N041,0.024027
2024-02-13,N042,-0.025982
2024-02-13,N043,0.035957
2024-02-13,N044,0.023238
2024-02-13,N045,0.011012
2024-02-13,N046,-0.033832
2024-02-13,N047,-0.007293
2024-02-13,N048,-0.002759
2024-02-13,N049,-0.036759
2024-02-13,N050,-0.020194
2024-02-13,N051,0.000257
2024-02-13,N052,-0.011490
2024-02-13,N053,-0.014429
2024-02-13,N054,0.004557
2024-02-13,N055,-0.014399
2024-02-13,N056,0.003041
2024-02-13,N057,-0.007411
2024-02-13,N058,-0.016398
2024-02-13,N059,0.005161
2024-02-13,N060,-0.028418
2024-02-13,N061,-0.011414
2024-02-13,N062,-0.032478
2024-02-13,N063,-0.008425
2024-02-13,N064,0.004386
2024-02-13,N065,-0.001995
2024-02-13,N066,0.010654
2024-02-13,N067,0.044514
2024-02-13,N068,0.017866
2024-02-13,N069,-0.010008
2024-02-13,N070,-0.014283
2024-02-13,N071,0.032520
2024-02-13,N072,0.011692
2024-02-13,N073,-0.008761
2024-02-13,N074,-0.020423
2024-02-13,N075,0.005947
2024-02-13,N076,-0.017062
2024-02-13,N077,0.040711
2024-02-13,N078,-0.013067
2024-02-13,N079,-0.044198
2024-02-13,N080,-0.004232
2024-02-13,N081,-0.006473
2024-02-13,N082,0.004710
2024-02-13,N083,-0.005088
2024-02-13,N084,-0.006899
2024-02-13,N085,-0.002238
2024-02-13,N086,-0.016825
2024-02-13,N087,-0.009764
2024-02-13,N088,0.015262
2024-02-13,N089,0.014895
2024-02-13,N090,-0.009359
2024-02-13,N091,0.016540
2024-02-13,N092,-0.020153
2024-02-13,N093,0.002876
2024-02-13,N094,0.004331
2024-02-13,N095,-0.026931
2024-02-13,N096,0.012321
2024-02-13,N097,-0.021517
2024-02-13,N098,0.006609
2024-02-13,N099,-0.014351
2024-02-13,N100,0.007669
2024-02-13,N101,-0.050082
2024-02-13,N102,0.014990
2024-02-13,N103,-0.010957
2024-02-13,N104,0.012113
2024-02-13,N105,-0.042779
2024-02-13,N106,-0.020111
2024-02-13,N107,0.057245
2024-02-13,N108,-0.012388
2024-02-13,N109,0.026106
2024-02-13,N110,0.005289
2024-02-13,N111,0.008285
2024-02-13,N112,-0.024451
2024-02-13,N113,-0.005906
2024-02-13,N114,-0.016819
2024-02-13,N115,0.012573
2024-02-13,N116,0.001645
2024-02-13,N117,-0.035014
2024-02-13,N118,0.031950
2024-02-13,N119,-0.009724
2024-02-14,N000,0.001553
2024-02-14,N001,-0.048130
2024-02-14,N002,-0.010788
2024-02-14,N003,0.006854
2024-02-14,N004,-0.029184
2024-02-14,N005,-0.041186
2024-02-14,N006,-0.008793
2024-02-14,N007,0.028364
2024-02-14,N008,0.014646
2024-02-14,N009,0.022103
2024-02-14,N010,-0.017541
2024-02-14,N011,-0.019640
2024-02-14,N012,-0.020645
2024-02-14,N013,0.001694
2024-02-14,N014,-0.005308
2024-02-14,N015,0.027429
2024-02-14,N016,0.007886
2024-02-14,N017,0.014201
2024-02-14,N018,-0.036730
2024-02-14,N019,-0.016242
2024-02-14,N020,-0.005600
2024-02-14,N021,-0.034207
2024-02-14,N022,0.008199
2024-02-14,N023,-0.027744
2024-02-14,N024,0.011507
2024-02-14,N025,0.016856
2024-02-14,N026,0.023637
2024-02-14,N027,0.035048
2024-02-14,N028,-0.000289
2024-02-14,N029,0.023661
2024-02-14,N030,0.029449
2024-02-14,N031,-0.011967
2024-02-14,N032,0.017288
2024-02-14,N033,-0.024081
2024-02-14,N034,0.035060
2024-02-14,N035,-0.024236
2024-02-14,N036,0.006268
2024-02-14,N037,-0.000705
2024-02-14,N038,-0.004223
2024-02-14,N039,-0.007466
2024-02-14,N040,-0.019074
2024-02-14,N041,0.012971
2024-02-14,N042,0.029965
2024-02-14,N043,-0.010901
2024-02-14,N044,-0.027919
2024-02-14,N045,-0.014628
2024-02-14,N046,0.016213
2024-02-14,N047,-0.010739
2024-02-14,N048,-0.021640
2024-02-14,N049,-0.009071
2024-02-14,N050,-0.038426
2024-02-14,N051,0.004687
2024-02-14,N052,-0.016701
2024-02-14,N053,-0.034778
2024-02-14,N054,0.015169
2024-02-14,N055,-0.003125
2024-02-14,N056,-0.017893
2024-02-14,N057,-0.027406
2024-02-14,N058,0.022681
2024-02-14,N059,-0.007981
2024-02-14,N060,0.005251
2024-02-14,N061,-0.004985
2024-02-14,N062,0.004656
2024-02-14,N063,0.008174
2024-02-14,N064,-0.014665
2024-02-14,N065,0.006164
2024-02-14,N066,-0.004945
2024-02-14,N067,-0.000991
2024-02-14,N068,0.017768
2024-02-14,N069,-0.032966
2024-02-14,N070,0.016678
2024-02-14,N071,0.028589
2024-02-14,N072,0.023301
2024-02-14,N073,-0.014668
2024-02-14,N074,-0.001952
2024-02-14,N075,0.053313
2024-02-14,N076,0.001992
2024-02-14,N077,-0.042432
2024-02-14,N078,0.015507
2024-02-14,N079,-0.006628
2024-02-14,N080,0.047059
2024-02-14,N081,0.003873
2024-02-14,N082,-0.044317
2024-02-14,N083,0.020249
2024-02-14,N084,0.023122
2024-02-14,N085,0.021540
2024-02-14,N086,-0.023740
2024-02-14,N087,0.008764
2024-02-14,N088,0.030470
2024-02-14,N089,0.011093
2024-02-14,N090,0.034973
2024-02-14,N091,-0.028903
2024-02-14,N092,0.033852
2024-02-14,N093,0.005089
2024-02-14,N094,-0.010856
2024-02-14,N095,0.011329
2024-02-14,N096,0.017810
2024-02-14,N097,0.010853
2024-02-14,N098,-0.004972
2024-02-14,N099,-0.011611
2024-02-14,N100,-0.011950
2024-02-14,N101,-0.014646
2024-02-14,N102,0.010372
2024-02-14,N103,-0.001916
2024-02-14,N104,0.024754
2024-02-14,N105,0.005584
2024-02-14,N106,-0.040432
2024-02-14,N107,0.007318
2024-02-14,N108,-0.003515
2024-02-14,N109,-0.026137
2024-02-14,N110,-0.050555
2024-02-14,N111,-0.010447
2024-02-14,N112,0.002012
2024-02-14,N113,0.016476
2024-02-14,N114,-0.001417
2024-02-14,N115,0.027937
2024-02-14,N116,-0.003600
2024-02-14,N117,0.050435
2024-02-14,N118,-0.000145
2024-02-14,N119,-0.022745
2024-02-15,N000,-0.027508
2024-02-15,N001,-0.007698
2024-02-15,N002,0.008094
2024-02-15,N003,-0.009318
2024-02-15,N004,-0.012387
2024-02-15,N005,-0.002805
2024-02-15,N006,0.033410
2024-02-15,N007,0.009395
2024-02-15,N008,0.009964
2024-02-15,N009,0.004032
2024-02-15,N010,-0.000621
2024-02-15,N011,-0.041498
2024-02-15,N012,0.022732
2024-02-15,N013,-0.015525
2024-02-15,N014,-0.028456
2024-02-15,N015,0.015607
2024-02-15,N016,-0.024991
2024-02-15,N017,0.012600
2024-02-15,N018,-0.003961
2024-02-15,N019,-0.008311
2024-02-15,N020,-0.002487
2024-02-15,N021,-0.004387
2024-02-15,N022,-0.034736
2024-02-15,N023,0.002785
2024-02-15,N024,0.028236
2024-02-15,N025,-0.008210
2024-02-15,N026,0.016912
2024-02-15,N027,-0.006211
2024-02-15,N028,0.003384
2024-02-15,N029,-0.010230
2024-02-15,N030,-0.006879
2024-02-15,N031,-0.004677
2024-02-15,N032,-0.016836
2024-02-15,N033,0.001792
2024-02-15,N034,0.019337
2024-02-15,N035,-0.017809
2024-02-15,N036,0.034505
2024-02-15,N037,-0.004773
2024-02-15,N038,-0.018103
2024-02-15,N039,0.001502
2024-02-15,N040,0.007520
2024-02-15,N041,-0.016026
2024-02-15,N042,0.013361
2024-02-15,N043,0.010646
2024-02-15,N044,-0.005896
2024-02-15,N045,0.012789
2024-02-15,N046,-0.017910
2024-02-15,N047,-0.017582
2024-02-15,N048,-0.029428
2024-02-15,N049,-0.004977
2024-02-15,N050,-0.005214
2024-02-15,N051,-0.014842
2024-02-15,N052,0.027019
2024-02-15,N053,0.008794
2024-02-15,N054,0.013997
2024-02-15,N055,0.010751
2024-02-15,N056,0.035887
2024-02-15,N057,0.032947
2024-02-15,N058,-0.055464
2024-02-15,N059,0.004038
2024-02-15,N060,0.006520
2024-02-15,N061,-0.008659
2024-02-15,N062,0.010381
2024-02-15,N063,0.027200
2024-02-15,N064,0.014551
2024-02-15,N065,0.025637
2024-02-15,N066,-0.027376
2024-02-15,N067,0.005565
2024-02-15,N068,0.016307
2024-02-15,N069,0.012823
2024-02-15,N070,-0.031834
2024-02-15,N071,0.004101
2024-02-15,N072,0.030000
2024-02-15,N073,0.009715
2024-02-15,N074,0.013493
2024-02-15,N075,-0.017997
2024-02-15,N076,0.018637
2024-02-15,N077,-0.012642
2024-02-15,N078,-0.009086
2024-02-15,N079,-0.014593
2024-02-15,N080,0.001530
2024-02-15,N081,0.053222
2024-02-15,N082,-0.035134
2024-02-15,N083,-0.040379
2024-02-15,N084,0.028351
2024-02-15,N085,0.017608
2024-02-15,N086,0.034763
2024-02-15,N087,-0.022308
2024-02-15,N088,0.021223
2024-02-15,N089,0.008135
2024-02-15,N090,-0.030913
2024-02-15,N091,0.015408
2024-02-15,N092,0.012462
2024-02-15,N093,0.003828
2024-02-15,N094,0.034747
2024-02-15,N095,0.014237
2024-02-15,N096,0.004503
2024-02-15,N097,0.029595
2024-02-15,N098,0.043486
2024-02-15,N099,-0.009763
2024-02-15,N100,0.025333
2024-02-15,N101,0.015091
2024-02-15,N102,0.018681
2024-02-15,N103,0.034527
2024-02-15,N104,-0.000375
2024-02-15,N105,0.032071
2024-02-15,N106,-0.012438
2024-02-15,N107,0.008418
2024-02-15,N108,0.008991
2024-02-15,N109,-0.004039
2024-02-15,N110,-0.019332
2024-02-15,N111,-0.004354
2024-02-15,N112,0.012678
2024-02-15,N113,0.011832
2024-02-15,N114,-0.006790
2024-02-15,N115,-0.013971
2024-02-15,N116,-0.000319
2024-02-15,N117,-0.018502
2024-02-15,N118,0.019441
2024-02-15,N119,-0.001856
2024-02-16,N000,0.018826
2024-02-16,N001,0.026540
2024-02-16,N002,-0.014060
2024-02-16,N003,-0.017949
2024-02-16,N004,0.009073
2024-02-16,N005,0.028169
2024-02-16,N006,-0.037523
2024-02-16,N007,0.033031
2024-02-16,N008,0.010950
2024-02-16,N009,-0.020516
2024-02-16,N010,0.009431
2024-02-16,N011,-0.004016
2024-02-16,N012,-0.030343
2024-02-16,N013,0.028798
2024-02-16,N014,0.008796
2024-02-16,N015,0.001625
2024-02-16,N016,-0.003487
2024-02-16,N017,-0.001867
2024-02-16,N018,0.006300
2024-02-16,N019,0.033030
2024-02-16,N020,0.009043
2024-02-16,N021,0.004687
2024-02-16,N022,0.005579
2024-02-16,N023,-0.031575
2024-02-16,N024,-0.003725
2024-02-16,N025,0.006653
2024-02-16,N026,0.037373
2024-02-16,N027,-0.051077
2024-02-16,N028,-0.002476
2024-02-16,N029,-0.043388
2024-02-16,N030,-0.009464
2024-02-16,N031,0.017380
2024-02-16,N032,0.013378
2024-02-16,N033,0.020212
2024-02-16,N034,0.027020
2024-02-16,N035,0.003946
2024-02-16,N036,0.022565
2024-02-16,N037,0.007753
2024-02-16,N038,-0.004513
2024-02-16,N039,0.014415
2024-02-16,N040,-0.028850
2024-02-16,N041,-0.018053
2024-02-16,N042,0.018120
2024-02-16,N043,0.008748
2024-02-16,N044,0.018733
2024-02-16,N045,-0.018885
2024-02-16,N046,-0.002169
2024-02-16,N047,-0.005111
2024-02-16,N048,-0.008110
2024-02-16,N049,0.014063
2024-02-16,N050,0.011105
2024-02-16,N051,0.004869
2024-02-16,N052,-0.023199
2024-02-16,N053,-0.019882
2024-02-16,N054,0.030909
2024-02-16,N055,0.012135
2024-02-16,N056,-0.028076
2024-02-16,N057,0.001475
2024-02-16,N058,-0.032545
2024-02-16,N059,-0.001011
2024-02-16,N060,0.032950
2024-02-16,N061,0.013741
2024-02-16,N062,-0.033222
2024-02-16,N063,0.001304
2024-02-16,N064,-0.000996
2024-02-16,N065,0.002875
2024-02-16,N066,0.041681
2024-02-16,N067,0.028013
2024-02-16,N068,-0.012495
2024-02-16,N069,0.015763
2024-02-16,N070,-0.019431
2024-02-16,N071,-0.013404
2024-02-16,N072,-0.024995
2024-02-16,N073,0.006573
2024-02-16,N074,0.012528
2024-02-16,N075,0.032086
2024-02-16,N076,0.000385
2024-02-16,N077,-0.010892
2024-02-16,N078,-0.024149
2024-02-16,N079,0.018653
2024-02-16,N080,-0.004747
2024-02-16,N081,-0.008028
2024-02-16,N082,-0.041712
2024-02-16,N083,0.020613
2024-02-16,N084,-0.013338
2024-02-16,N085,-0.000327
2024-02-16,N086,0.007741
2024-02-16,N087,0.031137
2024-02-16,N088,-0.004331
2024-02-16,N089,-0.013906
2024-02-16,N090,-0.013284
2024-02-16,N091,0.016947
2024-02-16,N092,0.031183
2024-02-16,N093,0.029299
2024-02-16,N094,-0.022691
2024-02-16,N095,0.010848
2024-02-16,N096,0.012458
2024-02-16,N097,-0.024020
2024-02-16,N098,0.009713
2024-02-16,N099,0.009464
2024-02-16,N100,-0.014852
2024-02-16,N101,0.008383
2024-02-16,N102,0.000377
2024-02-16,N103,0.008205
2024-02-16,N104,-0.003696
2024-02-16,N105,0.007922
2024-02-16,N106,-0.051447
2024-02-16,N107,-0.000115
2024-02-16,N108,0.013822
2024-02-16,N109,0.006982
2024-02-16,N110,-0.001182
2024-02-16,N111,0.024407
2024-02-16,N112,0.017280
2024-02-16,N113,-0.019087
2024-02-16,N114,-0.000803
2024-02-16,N115,-0.007247
2024-02-16,N116,-0.003235
2024-02-16,N117,0.001359
2024-02-16,N118,0.010507
2024-02-16,N119,-0.014964
2024-02-19,N000,0.004961
2024-02-19,N001,-0.007954
2024-02-19,N002,0.025447
2024-02-19,N003,-0.012114
2024-02-19,N004,0.019718
2024-02-19,N005,0.002929
2024-02-19,N006,0.021762
2024-02-19,N007,-0.014920
2024-02-19,N008,0.006343
2024-02-19,N009,-0.020135
2024-02-19,N010,-0.013574
2024-02-19,N011,0.013009
2024-02-19,N012,0.007425
2024-02-19,N013,-0.047943
2024-02-19,N014,-0.016534
2024-02-19,N015,-0.020962
2024-02-19,N016,0.040007
2024-02-19,N017,0.016876
2024-02-19,N018,-0.004802
2024-02-19,N019,0.000472
2024-02-19,N020,0.026537
2024-02-19,N021,-0.008290
2024-02-19,N022,0.029018
2024-02-19,N023,0.008164
2024-02-19,N024,0.014850
2024-02-19,N025,0.014754
2024-02-19,N026,0.012980
2024-02-19,N027,-0.011518
2024-02-19,N028,-0.033306
2024-02-19,N029,0.006341
2024-02-19,N030,-0.029245
2024-02-19,N031,-0.030988
2024-02-19,N032,-0.021326
2024-02-19,N033,-0.004751
2024-02-19,N034,0.019329
2024-02-19,N035,-0.005946
2024-02-19,N036,0.013258
2024-02-19,N037,0.010742
2024-02-19,N038,-0.020913
2024-02-19,N039,-0.003347
2024-02-19,N040,-0.011938
2024-02-19,N041,-0.043278
2024-02-19,N042,0.009884
2024-02-19,N043,-0.030761
2024-02-19,N044,0.032790
2024-02-19,N045,-0.021431
2024-02-19,N046,-0.005188
2024-02-19,N047,-0.016627
2024-02-19,N048,-0.038872
2024-02-19,N049,0.004233
2024-02-19,N050,0.013124
2024-02-19,N051,0.016731
2024-02-19,N052,0.006827
2024-02-19,N053,-0.006930
2024-02-19,N054,-0.002186
2024-02-19,N055,-0.000316
2024-02-19,N056,-0.007402
2024-02-19,N057,-0.016374
2024-02-19,N058,0.027961
2024-02-19,N059,-0.005790
2024-02-19,N060,-0.008982
2024-02-19,N061,0.033735
2024-02-19,N062,-0.005543
2024-02-19,N063,0.007272
2024-02-19,N064,0.009556
2024-02-19,N065,-0.028209
2024-02-19,N066,0.011239
2024-02-19,N067,-0.016541
2024-02-19,N068,0.025180
2024-02-19,N069,-0.003328
2024-02-19,N070,-0.004565
2024-02-19,N071,-0.002250
2024-02-19,N072,-0.023950
2024-02-19,N073,-0.005945
2024-02-19,N074,0.024908
2024-02-19,N075,-0.009696
2024-02-19,N076,-0.006165
2024-02-19,N077,0.005944
2024-02-19,N078,0.013418
2024-02-19,N079,-0.008197
2024-02-19,N080,-0.001295
2024-02-19,N081,-0.010225
2024-02-19,N082,0.026711
2024-02-19,N083,-0.008272
2024-02-19,N084,0.026797
2024-02-19,N085,-0.017058
2024-02-19,N086,-0.019629
2024-02-19,N087,0.026846
2024-02-19,N088,0.002632
2024-02-19,N089,0.013783
2024-02-19,N090,0.008503
2024-02-19,N091,-0.003665
2024-02-19,N092,0.011702
2024-02-19,N093,0.022920
2024-02-19,N094,0.024333
2024-02-19,N095,-0.040563
2024-02-19,N096,0.002384
2024-02-19,N097,0.033019
2024-02-19,N098,-0.013590
2024-02-19,N099,0.022836
2024-02-19,N100,-0.002817
2024-02-19,N101,0.003242
2024-02-19,N102,-0.018338
2024-02-19,N103,0.014963
2024-02-19,N104,0.033244
2024-02-19,N105,0.029729
2024-02-19,N106,0.023822
2024-02-19,N107,-0.010304
2024-02-19,N108,-0.024127
2024-02-19,N109,-0.014781
2024-02-19,N110,-0.021867
2024-02-19,N111,0.013083
2024-02-19,N112,-0.002433
2024-02-19,N113,0.010663
2024-02-19,N114,0.015962
2024-02-19,N115,-0.004347
2024-02-19,N116,0.028957
2024-02-19,N117,-0.013011
2024-02-19,N118,0.021771
2024-02-19,N119,-0.026607
2024-02-20,N000,-0.019342
2024-02-20,N001,0.001511
2024-02-20,N002,0.043149
2024-02-20,N003,-0.029906
2024-02-20,N004,-0.020036
2024-02-20,N005,0.018186
2024-02-20,N006,-0.011883
2024-02-20,N007,0.010230
2024-02-20,N008,0.009369
2024-02-20,N009,0.018778
2024-02-20,N010,-0.019894
2024-02-20,N011,0.019435
2024-02-20,N012,0.000063
2024-02-20,N013,0.010153
2024-02-20,N014,-0.034211
2024-02-20,N015,0.014473
2024-02-20,N016,-0.028789
2024-02-20,N017,0.011020
2024-02-20,N018,0.006758
2024-02-20,N019,0.026600
2024-02-20,N020,0.019883
2024-02-20,N021,-0.001177
2024-02-20,N022,0.008142
2024-02-20,N023,-0.019087
2024-02-20,N024,-0.023186
2024-02-20,N025,-0.015581
2024-02-20,N026,-0.018554
2024-02-20,N027,0.026725
2024-02-20,N028,0.003365
2024-02-20,N029,-0.017469
2024-02-20,N030,0.032605
2024-02-20,N031,0.020310
2024-02-20,N032,-0.012345
2024-02-20,N033,0.034691
2024-02-20,N034,-0.027522
2024-02-20,N035,0.034121
2024-02-20,N036,0.045416
2024-02-20,N037,0.000314
2024-02-20,N038,-0.044718
2024-02-20,N039,0.004364
2024-02-20,N040,0.019990
2024-02-20,N041,-0.016332
2024-02-20,N042,0.038049
2024-02-20,N043,0.007968
2024-02-20,N044,-0.011701
2024-02-20,N045,-0.027697
2024-02-20,N046,-0.016001
2024-02-20,N047,-0.018833
2024-02-20,N048,0.022719
2024-02-20,N049,0.026409
2024-02-20,N050,-0.000445
2024-02-20,N051,0.013390
2024-02-20,N052,0.008039
2024-02-20,N053,0.002378
2024-02-20,N054,0.001735
2024-02-20,N055,-0.007504
2024-02-20,N056,-0.000595
2024-02-20,N057,-0.039509
2024-02-20,N058,-0.023807
2024-02-20,N059,-0.019619
2024-02-20,N060,-0.017397
2024-02-20,N061,-0.023293
2024-02-20,N062,0.016529
2024-02-20,N063,-0.005825
2024-02-20,N064,-0.017505
2024-02-20,N065,-0.021728
2024-02-20,N066,-0.006433
2024-02-20,N067,-0.013517
2024-02-20,N068,-0.022045
2024-02-20,N069,0.009631
2024-02-20,N070,-0.010479
2024-02-20,N071,0.025495
2024-02-20,N072,-0.019648
2024-02-20,N073,0.009763
2024-02-20,N074,-0.013259
2024-02-20,N075,-0.056554
2024-02-20,N076,-0.005041
2024-02-20,N077,-0.020358
2024-02-20,N078,-0.034082
2024-02-20,N079,-0.013302
2024-02-20,N080,-0.003058
2024-02-20,N081,0.018490
2024-02-20,N082,-0.040286
2024-02-20,N083,-0.025577
2024-02-20,N084,-0.008146
2024-02-20,N085,-0.002246
2024-02-20,N086,-0.009447
2024-02-20,N087,-0.030585
2024-02-20,N088,0.009910
2024-02-20,N089,-0.016050
2024-02-20,N090,0.002640
2024-02-20,N091,-0.005701
2024-02-20,N092,-0.009021
2024-02-20,N093,-0.016828
2024-02-20,N094,0.020873
2024-02-20,N095,-0.004245
2024-02-20,N096,-0.012915
2024-02-20,N097,-0.037173
2024-02-20,N098,0.006158
2024-02-20,N099,-0.015244
2024-02-20,N100,-0.019738
2024-02-20,N101,-0.007076
2024-02-20,N102,-0.005235
2024-02-20,N103,0.006829
2024-02-20,N104,-0.032750
2024-02-20,N105,-0.009504
2024-02-20,N106,0.039111
2024-02-20,N107,-0.006054
2024-02-20,N108,-0.001488
2024-02-20,N109,0.005657
2024-02-20,N110,-0.000350
2024-02-20,N111,-0.016697
2024-02-20,N112,-0.006334
2024-02-20,N113,-0.003131
2024-02-20,N114,0.003221
2024-02-20,N115,0.002620
2024-02-20,N116,-0.039950
2024-02-20,N117,0.010726
2024-02-20,N118,-0.023812
2024-02-20,N119,-0.031051
2024-02-21,N000,0.012260
2024-02-21,N001,-0.008627
2024-02-21,N002,-0.018536
2024-02-21,N003,-0.011416
2024-02-21,N004,-0.012009
2024-02-21,N005,-0.020872
2024-02-21,N006,-0.022886
2024-02-21,N007,0.024265
2024-02-21,N008,0.009853
2024-02-21,N009,-0.022648
2024-02-21,N010,0.014038
2024-02-21,N011,0.024211
2024-02-21,N012,-0.013934
2024-02-21,N013,-0.025463
2024-02-21,N014,-0.004828
2024-02-21,N015,0.000774
2024-02-21,N016,-0.058015
2024-02-21,N017,0.014239
2024-02-21,N018,0.005389
2024-02-21,N019,0.015231
2024-02-21,N020,-0.024091
2024-02-21,N021,0.007927
2024-02-21,N022,0.000358
2024-02-21,N023,0.002433
2024-02-21,N024,-0.000621
2024-02-21,N025,0.019381
2024-02-21,N026,0.043462
2024-02-21,N027,-0.011096
2024-02-21,N028,-0.019920
2024-02-21,N029,-0.012388
2024-02-21,N030,0.003705
2024-02-21,N031,-0.040997
2024-02-21,N032,-0.045582
2024-02-21,N033,-0.023700
2024-02-21,N034,-0.007299
2024-02-21,N035,-0.010214
2024-02-21,N036,0.011992
2024-02-21,N037,-0.023449
2024-02-21,N038,0.006458
2024-02-21,N039,0.008146
2024-02-21,N040,-0.017583
2024-02-21,N041,0.012107
2024-02-21,N042,0.011489
2024-02-21,N043,-0.026611
2024-02-21,N044,-0.043823
2024-02-21,N045,0.024423
2024-02-21,N046,-0.017342
2024-02-21,N047,-0.004023
2024-02-21,N048,0.002351
2024-02-21,N049,-0.009225
2024-02-21,N050,0.009452
2024-02-21,N051,0.001829
2024-02-21,N052,0.026623
2024-02-21,N053,-0.079267
2024-02-21,N054,0.013829
2024-02-21,N055,-0.010881
2024-02-21,N056,-0.005449
2024-02-21,N057,0.000220
2024-02-21,N058,0.011200
2024-02-21,N059,0.040319
2024-02-21,N060,-0.040429
2024-02-21,N061,0.011495
2024-02-21,N062,-0.013295
2024-02-21,N063,0.009850
2024-02-21,N064,-0.012674
2024-02-21,N065,-0.033519
2024-02-21,N066,0.008535
2024-02-21,N067,-0.013059
2024-02-21,N068,-0.001185
2024-02-21,N069,0.004243
2024-02-21,N070,-0.027865
2024-02-21,N071,0.015468
2024-02-21,N072,-0.015156
2024-02-21,N073,-0.008140
2024-02-21,N074,-0.039392
2024-02-21,N075,-0.016839
2024-02-21,N076,0.031966
2024-02-21,N077,-0.002869
2024-02-21,N078,-0.015860
2024-02-21,N079,0.027413
2024-02-21,N080,0.018136
2024-02-21,N081,-0.051891
2024-02-21,N082,-0.018476
2024-02-21,N083,0.032510
2024-02-21,N084,0.026038
2024-02-21,N085,0.013763
2024-02-21,N086,-0.001102
2024-02-21,N087,-0.016692
2024-02-21,N088,0.014916
2024-02-21,N089,0.010905
2024-02-21,N090,-0.011751
2024-02-21,N091,0.009425
2024-02-21,N092,-0.010487
2024-02-21,N093,-0.006718
2024-02-21,N094,0.018805
2024-02-21,N095,-0.006144
2024-02-21,N096,-0.005253
2024-02-21,N097,0.032448
2024-02-21,N098,-0.030831
2024-02-21,N099,-0.014614
2024-02-21,N100,0.000344
2024-02-21,N101,-0.012577
2024-02-21,N102,-0.042181
2024-02-21,N103,0.033085
2024-02-21,N104,-0.051823
2024-02-21,N105,-0.000615
2024-02-21,N106,-0.013217
2024-02-21,N107,0.011383
2024-02-21,N108,-0.000741
2024-02-21,N109,-0.032223
2024-02-21,N110,-0.018267
2024-02-21,N111,-0.031080
2024-02-21,N112,-0.024516
2024-02-21,N113,0.038122
2024-02-21,N114,0.009142
2024-02-21,N115,0.001874
2024-02-21,N116,-0.019926
2024-02-21,N117,-0.055650
2024-02-21,N118,0.008602
2024-02-21,N119,-0.021953
2024-02-22,N000,-0.018557
2024-02-22,N001,0.006879
2024-02-22,N002,-0.002755
2024-02-22,N003,0.041365
2024-02-22,N004,-0.005460
2024-02-22,N005,-0.017688
2024-02-22,N006,-0.008854
2024-02-22,N007,0.000785
2024-02-22,N008,-0.007771
2024-02-22,N009,-0.021979
2024-02-22,N010,0.004430
2024-02-22,N011,0.002967
2024-02-22,N012,0.001309
2024-02-22,N013,-0.030225
2024-02-22,N014,0.030709
2024-02-22,N015,-0.025305
2024-02-22,N016,-0.007982
2024-02-22,N017,0.000234
2024-02-22,N018,-0.030977
2024-02-22,N019,0.038348
2024-02-22,N020,0.040167
2024-02-22,N021,0.006396
2024-02-22,N022,-0.025032
2024-02-22,N023,-0.028591
2024-02-22,N024,0.042052
2024-02-22,N025,-0.022184
2024-02-22,N026,0.019082
2024-02-22,N027,-0.024163
2024-02-22,N028,-0.025788
2024-02-22,N029,-0.017503
2024-02-22,N030,0.013658
2024-02-22,N031,0.017820
2024-02-22,N032,-0.026295
2024-02-22,N033,0.003374
2024-02-22,N034,0.011310
2024-02-22,N035,0.004665
2024-02-22,N036,-0.006954
2024-02-22,N037,-0.007590
2024-02-22,N038,-0.010239
2024-02-22,N039,-0.025812
2024-02-22,N040,0.005335
2024-02-22,N041,-0.006669
2024-02-22,N042,-0.000021
2024-02-22,N043,-0.006666
2024-02-22,N044,0.029427
2024-02-22,N045,-0.035644
2024-02-22,N046,0.025411
2024-02-22,N047,-0.001657
2024-02-22,N048,-0.005856
2024-02-22,N049,-0.032368
2024-02-22,N050,0.005116
2024-02-22,N051,0.036129
2024-02-22,N052,0.028162
2024-02-22,N053,-0.036133
2024-02-22,N054,-0.019994
2024-02-22,N055,-0.007563
2024-02-22,N056,0.004579
2024-02-22,N057,0.005718
2024-02-22,N058,-0.030270
2024-02-22,N059,0.014871
2024-02-22,N060,0.037389
2024-02-22,N061,0.007346
2024-02-22,N062,-0.012908
2024-02-22,N063,0.008394
2024-02-22,N064,-0.016684
2024-02-22,N065,0.029339
2024-02-22,N066,-0.012833
2024-02-22,N067,-0.016372
2024-02-22,N068,-0.005331
2024-02-22,N069,-0.012941
2024-02-22,N070,-0.003788
2024-02-22,N071,0.011906
2024-02-22,N072,0.021919
2024-02-22,N073,-0.026800
2024-02-22,N074,0.010767
2024-02-22,N075,-0.003351
2024-02-22,N076,0.003952
2024-02-22,N077,-0.001660
2024-02-22,N078,0.017421
2024-02-22,N079,0.022742
2024-02-22,N080,-0.033293
2024-02-22,N081,-0.003459
2024-02-22,N082,0.013239
2024-02-22,N083,-0.004977
2024-02-22,N084,-0.015488
2024-02-22,N085,0.009940
2024-02-22,N086,0.001159
2024-02-22,N087,0.015177
2024-02-22,N088,-0.021962
2024-02-22,N089,0.011796
2024-02-22,N090,-0.018296
2024-02-22,N091,0.032428
2024-02-22,N092,-0.000657
2024-02-22,N093,-0.023831
2024-02-22,N094,0.017637
2024-02-22,N095,0.003358
2024-02-22,N096,0.010020
2024-02-22,N097,0.008145
2024-02-22,N098,0.020212
2024-02-22,N099,0.024548
2024-02-22,N100,-0.018910
2024-02-22,N101,0.021146
2024-02-22,N102,-0.006771
2024-02-22,N103,-0.015926
2024-02-22,N104,-0.026688
2024-02-22,N105,0.002757
2024-02-22,N106,0.007006
2024-02-22,N107,-0.003156
2024-02-22,N108,0.052375
2024-02-22,N109,-0.010056
2024-02-22,N110,-0.022955
2024-02-22,N111,-0.020692
2024-02-22,N112,0.008897
2024-02-22,N113,0.016204
2024-02-22,N114,0.008085
2024-02-22,N115,-0.002606
2024-02-22,N116,-0.004440
2024-02-22,N117,-0.018272
2024-02-22,N118,0.038607
2024-02-22,N119,-0.024505
2024-02-23,N000,0.016418
2024-02-23,N001,0.038938
2024-02-23,N002,-0.025041
2024-02-23,N003,-0.018248
2024-02-23,N004,0.005139
2024-02-23,N005,0.024046
2024-02-23,N006,-0.019802
2024-02-23,N007,0.022639
2024-02-23,N008,0.000739
2024-02-23,N009,-0.009794
2024-02-23,N010,0.005479
2024-02-23,N011,0.018737
2024-02-23,N012,-0.006636
2024-02-23,N013,0.013263
2024-02-23,N014,-0.025345
2024-02-23,N015,-0.013058
2024-02-23,N016,0.006675
2024-02-23,N017,0.013281
2024-02-23,N018,-0.033761
2024-02-23,N019,-0.014819
2024-02-23,N020,-0.025961
2024-02-23,N021,0.019230
2024-02-23,N022,0.015450
2024-02-23,N023,-0.002604
2024-02-23,N024,0.017948
2024-02-23,N025,-0.011694
2024-02-23,N026,0.014512
2024-02-23,N027,0.021816
2024-02-23,N028,-0.041086
2024-02-23,N029,-0.018208
2024-02-23,N030,-0.015605
2024-02-23,N031,-0.017019
2024-02-23,N032,0.004804
2024-02-23,N033,0.007908
2024-02-23,N034,0.009289
2024-02-23,N035,0.025165
2024-02-23,N036,0.012510
2024-02-23,N037,-0.024394
2024-02-23,N038,0.006598
2024-02-23,N039,0.020966
2024-02-23,N040,-0.002613
2024-02-23,N041,-0.006318
2024-02-23,N042,-0.004301
2024-02-23,N043,-0.007061
2024-02-23,N044,-0.002562
2024-02-23,N045,0.014634
2024-02-23,N046,0.003580
2024-02-23,N047,0.009513
2024-02-23,N048,0.009442
2024-02-23,N049,-0.023954
2024-02-23,N050,-0.000290
2024-02-23,N051,-0.026594
2024-02-23,N052,0.012085
2024-02-23,N053,-0.025509
2024-02-23,N054,-0.034929
2024-02-23,N055,-0.007159
2024-02-23,N056,0.020070
2024-02-23,N057,0.003435
2024-02-23,N058,0.004024
2024-02-23,N059,0.013924
2024-02-23,N060,-0.018443
2024-02-23,N061,-0.013159
2024-02-23,N062,-0.004944
2024-02-23,N063,-0.003964
2024-02-23,N064,-0.005833
2024-02-23,N065,-0.008197
2024-02-23,N066,-0.002572
2024-02-23,N067,0.001143
2024-02-23,N068,0.001720
2024-02-23,N069,-0.004596
2024-02-23,N070,0.043620
2024-02-23,N071,0.007786
2024-02-23,N072,0.002030
2024-02-23,N073,-0.031425
2024-02-23,N074,0.023923
2024-02-23,N075,0.014573
2024-02-23,N076,-0.008068
2024-02-23,N077,-0.000277
2024-02-23,N078,0.003986
2024-02-23,N079,0.015368
2024-02-23,N080,0.015904
2024-02-23,N081,-0.021883
2024-02-23,N082,-0.044898
2024-02-23,N083,-0.003440
2024-02-23,N084,-0.009765
2024-02-23,N085,-0.003026
2024-02-23,N086,0.010912
2024-02-23,N087,0.009727
2024-02-23,N088,-0.001290
2024-02-23,N089,0.013348
2024-02-23,N090,-0.010200
2024-02-23,N091,0.004169
2024-02-23,N092,-0.004733
2024-02-23,N093,0.029839
2024-02-23,N094,-0.005066
2024-02-23,N095,0.008603
2024-02-23,N096,0.020620
2024-02-23,N097,0.003704
2024-02-23,N098,0.031049
2024-02-23,N099,-0.016787
2024-02-23,N100,-0.004603
2024-02-23,N101,-0.015592
2024-02-23,N102,0.012490
2024-02-23,N103,-0.022521
2024-02-23,N104,0.004328
2024-02-23,N105,0.016203
2024-02-23,N106,-0.005879
2024-02-23,N107,-0.004098
2024-02-23,N108,-0.006409
2024-02-23,N109,-0.007341
2024-02-23,N110,-0.001174
2024-02-23,N111,0.014902
2024-02-23,N112,-0.006036
2024-02-23,N113,-0.002106
2024-02-23,N114,0.004909
2024-02-23,N115,0.021516
2024-02-23,N116,0.013976
2024-02-23,N117,-0.027797
2024-02-23,N118,0.007144
2024-02-23,N119,0.004996
2024-02-26,N000,0.005816
2024-02-26,N001,0.008145
2024-02-26,N002,-0.016905
2024-02-26,N003,-0.023188
2024-02-26,N004,0.002601
2024-02-26,N005,-0.005090
2024-02-26,N006,0.019930
2024-02-26,N007,0.007531
2024-02-26,N008,0.018334
2024-02-26,N009,0.006203
2024-02-26,N010,0.002778
2024-02-26,N011,0.001384
2024-02-26,N012,0.001098
2024-02-26,N013,-0.019176
2024-02-26,N014,-0.019929
2024-02-26,N015,0.002270
2024-02-26,N016,-0.001286
2024-02-26,N017,-0.004376
2024-02-26,N018,0.041205
2024-02-26,N019,-0.030044
2024-02-26,N020,0.027273
2024-02-26,N021,0.012282
2024-02-26,N022,0.004764
2024-02-26,N023,-0.019488
2024-02-26,N024,-0.016098
2024-02-26,N025,0.020408
2024-02-26,N026,-0.009500
2024-02-26,N027,-0.006182
2024-02-26,N028,-0.003016
2024-02-26,N029,-0.013591
2024-02-26,N030,0.020292
2024-02-26,N031,0.012616
2024-02-26,N032,-0.037190
2024-02-26,N033,-0.019561
2024-02-26,N034,0.005717
2024-02-26,N035,0.018778
2024-02-26,N036,-0.009383
2024-02-26,N037,-0.014445
2024-02-26,N038,-0.008892
2024-02-26,N039,0.027124
2024-02-26,N040,0.051089
2024-02-26,N041,-0.018560
2024-02-26,N042,-0.007005
2024-02-26,N043,0.004240
2024-02-26,N044,-0.019816
2024-02-26,N045,-0.014021
2024-02-26,N046,0.010823
2024-02-26,N047,-0.012131
2024-02-26,N048,0.023542
2024-02-26,N049,-0.004813
2024-02-26,N050,0.012285
2024-02-26,N051,-0.020466
2024-02-26,N052,0.001609
2024-02-26,N053,0.008653
2024-02-26,N054,-0.015399
2024-02-26,N055,0.001335
2024-02-26,N056,-0.040893
2024-02-26,N057,0.013039
2024-02-26,N058,0.028383
2024-02-26,N059,0.029800
2024-02-26,N060,-0.012434
2024-02-26,N061,0.002563
2024-02-26,N062,0.004370
2024-02-26,N063,-0.018137
2024-02-26,N064,-0.014905
2024-02-26,N065,-0.003125
2024-02-26,N066,-0.030468
2024-02-26,N067,0.041380
2024-02-26,N068,0.009457
2024-02-26,N069,-0.005075
2024-02-26,N070,-0.031835
2024-02-26,N071,0.016527
2024-02-26,N072,-0.021410
2024-02-26,N073,-0.009981
2024-02-26,N074,-0.013032
2024-02-26,N075,-0.017916
2024-02-26,N076,0.025037
2024-02-26,N077,0.015824
2024-02-26,N078,-0.012838
2024-02-26,N079,0.015784
2024-02-26,N080,-0.002276
2024-02-26,N081,-0.007880
2024-02-26,N082,0.001120
2024-02-26,N083,0.017379
2024-02-26,N084,-0.013039
2024-02-26,N085,-0.017938
2024-02-26,N086,-0.005533
2024-02-26,N087,-0.000244
2024-02-26,N088,-0.004307
2024-02-26,N089,0.016750
2024-02-26,N090,-0.009814
2024-02-26,N091,-0.028039
2024-02-26,N092,-0.009262
2024-02-26,N093,0.002470
2024-02-26,N094,0.037555
2024-02-26,N095,0.014143
2024-02-26,N096,0.004050
2024-02-26,N097,0.017456
2024-02-26,N098,-0.000436
2024-02-26,N099,0.005991
2024-02-26,N100,0.009790
2024-02-26,N101,0.011241
2024-02-26,N102,-0.000019
2024-02-26,N103,-0.015603
2024-02-26,N104,0.025153
2024-02-26,N105,0.017256
2024-02-26,N106,0.013380
2024-02-26,N107,-0.000193
2024-02-26,N108,-0.037760
2024-02-26,N109,0.008501
2024-02-26,N110,0.003111
2024-02-26,N111,0.047166
2024-02-26,N112,0.019721
2024-02-26,N113,0.045522
2024-02-26,N114,-0.030054
2024-02-26,N115,0.007723
2024-02-26,N116,-0.000137
2024-02-26,N117,-0.026575
2024-02-26,N118,-0.007375
2024-02-26,N119,0.024354
2024-02-27,N000,-0.015300
2024-02-27,N001,-0.003442
2024-02-27,N002,0.047006
2024-02-27,N003,0.003002
2024-02-27,N004,-0.010187
2024-02-27,N005,0.003775
2024-02-27,N006,0.002407
2024-02-27,N007,0.012127
2024-02-27,N008,0.011294
2024-02-27,N009,-0.004415
2024-02-27,N010,0.008360
2024-02-27,N011,0.031150
2024-02-27,N012,-0.001386
2024-02-27,N013,0.000062
2024-02-27,N014,-0.009888
2024-02-27,N015,0.019296
2024-02-27,N016,-0.016658
2024-02-27,N017,-0.008281
2024-02-27,N018,0.010500
2024-02-27,N019,0.030314
2024-02-27,N020,-0.016364
2024-02-27,N021,-0.012887
2024-02-27,N022,-0.014577
2024-02-27,N023,-0.002818
2024-02-27,N024,-0.021868
2024-02-27,N025,-0.021567
2024-02-27,N026,0.003086
2024-02-27,N027,0.036873
2024-02-27,N028,0.064041
2024-02-27,N029,-0.023839
2024-02-27,N030,-0.030019
2024-02-27,N031,-0.007064
2024-02-27,N032,-0.007293
2024-02-27,N033,0.021325
2024-02-27,N034,0.029151
2024-02-27,N035,-0.016399
2024-02-27,N036,0.005435
2024-02-27,N037,-0.010379
2024-02-27,N038,0.034708
2024-02-27,N039,-0.001833
2024-02-27,N040,-0.030768
2024-02-27,N041,-0.008527
2024-02-27,N042,0.036018
2024-02-27,N043,0.011878
2024-02-27,N044,-0.002973
2024-02-27,N045,-0.009040
2024-02-27,N046,0.013795
2024-02-27,N047,0.000172
2024-02-27,N048,0.013283
2024-02-27,N049,-0.005451
2024-02-27,N050,0.009286
2024-02-27,N051,0.025503
2024-02-27,N052,0.012412
2024-02-27,N053,0.002627
2024-02-27,N054,-0.013657
2024-02-27,N055,0.021074
2024-02-27,N056,0.010525
2024-02-27,N057,-0.033071
2024-02-27,N058,-0.017009
2024-02-27,N059,-0.006268
2024-02-27,N060,-0.042938
2024-02-27,N061,0.014551
2024-02-27,N062,0.004191
2024-02-27,N063,0.005271
2024-02-27,N064,-0.021134
2024-02-27,N065,0.001964
2024-02-27,N066,0.002374
2024-02-27,N067,-0.018574
2024-02-27,N068,-0.003008
2024-02-27,N069,0.035500
2024-02-27,N070,-0.028964
2024-02-27,N071,-0.021749
2024-02-27,N072,0.036017
2024-02-27,N073,0.036079
2024-02-27,N074,0.021201
2024-02-27,N075,0.023361
2024-02-27,N076,0.002433
2024-02-27,N077,0.006783
2024-02-27,N078,-0.007029
2024-02-27,N079,-0.005729
2024-02-27,N080,-0.005064
2024-02-27,N081,-0.008839
2024-02-27,N082,0.038051
2024-02-27,N083,-0.009784
2024-02-27,N084,-0.010331
2024-02-27,N085,0.016113
2024-02-27,N086,0.011187
2024-02-27,N087,-0.011212
2024-02-27,N088,0.010400
2024-02-27,N089,0.007226
2024-02-27,N090,0.003435
2024-02-27,N091,-0.019694
2024-02-27,N092,-0.003723
2024-02-27,N093,-0.000073
2024-02-27,N094,0.027699
2024-02-27,N095,-0.008985
2024-02-27,N096,0.016481
2024-02-27,N097,-0.007917
2024-02-27,N098,-0.005984
2024-02-27,N099,-0.016654
2024-02-27,N100,-0.018623
2024-02-27,N101,0.015030
2024-02-27,N102,-0.008781
2024-02-27,N103,-0.023531
2024-02-27,N104,0.023694
2024-02-27,N105,-0.011970
2024-02-27,N106,0.021052
2024-02-27,N107,-0.009966
2024-02-27,N108,-0.025072
2024-02-27,N109,-0.015870
2024-02-27,N110,-0.016684
2024-02-27,N111,-0.016705
2024-02-27,N112,0.004179
2024-02-27,N113,-0.013708
2024-02-27,N114,-0.035533
2024-02-27,N115,-0.006089
2024-02-27,N116,0.037470
2024-02-27,N117,0.000132
2024-02-27,N118,0.018748
2024-02-27,N119,0.000462
2024-02-28,N000,0.007434
2024-02-28,N001,-0.033397
2024-02-28,N002,0.029786
2024-02-28,N003,0.016231
2024-02-28,N004,-0.000109
2024-02-28,N005,0.013811
2024-02-28,N006,0.002788
2024-02-28,N007,0.009055
2024-02-28,N008,0.019387
2024-02-28,N009,0.011194
2024-02-28,N010,-0.036786
2024-02-28,N011,-0.003645
2024-02-28,N012,0.032333
2024-02-28,N013,-0.051372
2024-02-28,N014,0.045424
2024-02-28,N015,-0.001675
2024-02-28,N016,-0.000979
2024-02-28,N017,0.011708
2024-02-28,N018,-0.016773
2024-02-28,N019,0.005402
2024-02-28,N020,0.038841
2024-02-28,N021,-0.017219
2024-02-28,N022,-0.002231
2024-02-28,N023,0.008622
2024-02-28,N024,0.051369
2024-02-28,N025,0.025199
2024-02-28,N026,0.014793
2024-02-28,N027,-0.010837
2024-02-28,N028,0.018259
2024-02-28,N029,0.001781
2024-02-28,N030,0.008928
2024-02-28,N031,0.002773
2024-02-28,N032,-0.013712
2024-02-28,N033,0.004684
2024-02-28,N034,0.004190
2024-02-28,N035,-0.004520
2024-02-28,N036,-0.004378
2024-02-28,N037,-0.005482
2024-02-28,N038,0.034003
2024-02-28,N039,0.022628
2024-02-28,N040,-0.006077
2024-02-28,N041,0.005395
2024-02-28,N042,0.011911
2024-02-28,N043,-0.038840
2024-02-28,N044,-0.036400
2024-02-28,N045,0.022152
2024-02-28,N046,-0.013535
2024-02-28,N047,-0.016686
2024-02-28,N048,0.011653
2024-02-28,N049,-0.012029
2024-02-28,N050,0.001014
2024-02-28,N051,-0.005526
2024-02-28,N052,0.004519
2024-02-28,N053,0.034014
2024-02-28,N054,-0.000214
2024-02-28,N055,0.013758
2024-02-28,N056,-0.022652
2024-02-28,N057,0.005644
2024-02-28,N058,0.008661
2024-02-28,N059,-0.016283
2024-02-28,N060,-0.032221
2024-02-28,N061,0.033193
2024-02-28,N062,-0.015053
2024-02-28,N063,0.018961
2024-02-28,N064,0.034484
2024-02-28,N065,0.002237
2024-02-28,N066,-0.005006
2024-02-28,N067,-0.030523
2024-02-28,N068,-0.029270
2024-02-28,N069,0.038626
2024-02-28,N070,0.021939
2024-02-28,N071,0.017353
2024-02-28,N072,-0.010676
2024-02-28,N073,-0.012263
2024-02-28,N074,-0.001048
2024-02-28,N075,-0.008443
2024-02-28,N076,0.030521
2024-02-28,N077,-0.002321
2024-02-28,N078,0.020775
2024-02-28,N079,-0.013961
2024-02-28,N080,-0.008154
2024-02-28,N081,-0.016065
2024-02-28,N082,-0.007882
2024-02-28,N083,0.000357
2024-02-28,N084,0.005016
2024-02-28,N085,-0.024847
2024-02-28,N086,-0.003383
2024-02-28,N087,0.003051
2024-02-28,N088,0.002957
2024-02-28,N089,-0.008449
2024-02-28,N090,0.012223
2024-02-28,N091,0.002810
2024-02-28,N092,-0.007590
2024-02-28,N093,0.054077
2024-02-28,N094,-0.002736
2024-02-28,N095,0.032308
2024-02-28,N096,0.026672
2024-02-28,N097,-0.012483
2024-02-28,N098,0.000734
2024-02-28,N099,0.008719
2024-02-28,N100,-0.012865
2024-02-28,N101,0.019315
2024-02-28,N102,0.023075
2024-02-28,N103,-0.015172
2024-02-28,N104,-0.015714
2024-02-28,N105,-0.014834
2024-02-28,N106,-0.019095
2024-02-28,N107,0.001556
2024-02-28,N108,0.027910
2024-02-28,N109,-0.034331
2024-02-28,N110,-0.024488
2024-02-28,N111,-0.020640
2024-02-28,N112,-0.006959
2024-02-28,N113,0.005615
2024-02-28,N114,0.034619
2024-02-28,N115,-0.032116
2024-02-28,N116,0.025191
2024-02-28,N117,-0.004794
2024-02-28,N118,-0.024559
2024-02-28,N119,-0.000759
2024-02-29,N000,0.009549
2024-02-29,N001,0.035334
2024-02-29,N002,0.015521
2024-02-29,N003,-0.000529
2024-02-29,N004,-0.000060
2024-02-29,N005,-0.025945
2024-02-29,N006,0.030159
2024-02-29,N007,0.022252
2024-02-29,N008,-0.022599
2024-02-29,N009,-0.002792
2024-02-29,N010,0.000046
2024-02-29,N011,-0.005749
2024-02-29,N012,-0.003308
2024-02-29,N013,-0.008376
2024-02-29,N014,0.033646
2024-02-29,N015,-0.013014
2024-02-29,N016,0.035385
2024-02-29,N017,-0.021174
2024-02-29,N018,0.043360
2024-02-29,N019,-0.027347
2024-02-29,N020,0.000532
2024-02-29,N021,0.008571
2024-02-29,N022,-0.030703
2024-02-29,N023,-0.007870
2024-02-29,N024,0.007231
2024-02-29,N025,0.008732
2024-02-29,N026,0.005588
2024-02-29,N027,0.030607
2024-02-29,N028,-0.010853
2024-02-29,N029,0.005392
2024-02-29,N030,0.010779
2024-02-29,N031,0.014580
2024-02-29,N032,-0.022025
2024-02-29,N033,-0.027162
2024-02-29,N034,-0.001914
2024-02-29,N035,-0.041991
2024-02-29,N036,-0.005746
2024-02-29,N037,-0.015550
2024-02-29,N038,0.007632
2024-02-29,N039,-0.009708
2024-02-29,N040,0.035512
2024-02-29,N041,-0.002779
2024-02-29,N042,0.008909
2024-02-29,N043,0.001738
2024-02-29,N044,0.026535
2024-02-29,N045,-0.020064
2024-02-29,N046,0.013903
2024-02-29,N047,-0.040721
2024-02-29,N048,0.001590
2024-02-29,N049,0.010746
2024-02-29,N050,-0.033420
2024-02-29,N051,0.000492
2024-02-29,N052,0.002998
2024-02-29,N053,0.011721
2024-02-29,N054,-0.035184
2024-02-29,N055,-0.015311
2024-02-29,N056,-0.020274
2024-02-29,N057,0.012942
2024-02-29,N058,-0.021512
2024-02-29,N059,-0.032365
2024-02-29,N060,-0.000239
2024-02-29,N061,0.014333
2024-02-29,N062,-0.048473
2024-02-29,N063,-0.011787
2024-02-29,N064,-0.013059
2024-02-29,N065,-0.007011
2024-02-29,N066,-0.003108
2024-02-29,N067,0.013724
2024-02-29,N068,-0.024523
2024-02-29,N069,0.024997
2024-02-29,N070,0.002576
2024-02-29,N071,0.023202
2024-02-29,N072,-0.016184
2024-02-29,N073,-0.003177
2024-02-29,N074,-0.032064
2024-02-29,N075,0.016657
2024-02-29,N076,0.020088
2024-02-29,N077,-0.008962
2024-02-29,N078,0.000547
2024-02-29,N079,0.006110
2024-02-29,N080,0.005767
2024-02-29,N081,-0.022238
2024-02-29,N082,0.005095
2024-02-29,N083,-0.009459
2024-02-29,N084,-0.009863
2024-02-29,N085,-0.001498
2024-02-29,N086,0.007029
2024-02-29,N087,0.011184
2024-02-29,N088,0.026489
2024-02-29,N089,-0.031361
2024-02-29,N090,0.011024
2024-02-29,N091,0.017201
2024-02-29,N092,0.000850
2024-02-29,N093,0.016912
2024-02-29,N094,-0.026282
2024-02-29,N095,0.016359
2024-02-29,N096,-0.015554
2024-02-29,N097,0.028170
2024-02-29,N098,-0.007584
2024-02-29,N099,-0.016584
2024-02-29,N100,0.007885
2024-02-29,N101,0.005048
2024-02-29,N102,0.037699
2024-02-29,N103,-0.008771
2024-02-29,N104,-0.016533
2024-02-29,N105,0.019913
2024-02-29,N106,0.018714
2024-02-29,N107,0.018605
2024-02-29,N108,-0.005989
2024-02-29,N109,0.013915
2024-02-29,N110,-0.027002
2024-02-29,N111,0.003398
2024-02-29,N112,-0.007607
2024-02-29,N113,0.016914
2024-02-29,N114,0.001307
2024-02-29,N115,0.005109
2024-02-29,N116,0.005988
2024-02-29,N117,0.023166
2024-02-29,N118,0.022709
2024-02-29,N119,0.009754
2024-03-01,N000,-0.002242
2024-03-01,N001,0.009220
2024-03-01,N002,0.025832
2024-03-01,N003,0.004636
2024-03-01,N004,-0.003207
2024-03-01,N005,-0.009835
2024-03-01,N006,0.056855
2024-03-01,N007,-0.024818
2024-03-01,N008,0.019122
2024-03-01,N009,-0.035059
2024-03-01,N010,-0.017399
2024-03-01,N011,-0.001228
2024-03-01,N012,-0.024779
2024-03-01,N013,0.015042
2024-03-01,N014,-0.003157
2024-03-01,N015,-0.007415
2024-03-01,N016,0.005306
2024-03-01,N017,0.007578
2024-03-01,N018,-0.001613
2024-03-01,N019,-0.017174
2024-03-01,N020,-0.012161
2024-03-01,N021,-0.018708
2024-03-01,N022,-0.002549
2024-03-01,N023,0.040492
2024-03-01,N024,-0.022384
2024-03-01,N025,-0.030445
2024-03-01,N026,-0.022353
2024-03-01,N027,0.047816
2024-03-01,N028,-0.019444
2024-03-01,N029,-0.012052
2024-03-01,N030,0.010209
2024-03-01,N031,0.008501
2024-03-01,N032,0.020155
2024-03-01,N033,-0.009038
2024-03-01,N034,-0.023372
2024-03-01,N035,0.008353
2024-03-01,N036,0.007722
2024-03-01,N037,-0.024731
2024-03-01,N038,-0.011008
2024-03-01,N039,-0.005060
2024-03-01,N040,0.012197
2024-03-01,N041,0.021423
2024-03-01,N042,-0.000575
2024-03-01,N043,0.030199
2024-03-01,N044,0.013897
2024-03-01,N045,-0.013007
2024-03-01,N046,-0.037773
2024-03-01,N047,0.013342
2024-03-01,N048,-0.022617
2024-03-01,N049,0.002159
2024-03-01,N050,0.005755
2024-03-01,N051,0.007229
2024-03-01,N052,-0.018274
2024-03-01,N053,-0.019568
2024-03-01,N054,0.016167
2024-03-01,N055,-0.066281
2024-03-01,N056,0.008908
2024-03-01,N057,0.013221
2024-03-01,N058,-0.035915
2024-03-01,N059,-0.004220
2024-03-01,N060,-0.005582
2024-03-01,N061,0.004257
2024-03-01,N062,-0.010905
2024-03-01,N063,-0.037018
2024-03-01,N064,-0.024765
2024-03-01,N065,0.026007
2024-03-01,N066,-0.018122
2024-03-01,N067,0.015613
2024-03-01,N068,-0.013874
2024-03-01,N069,0.001666
2024-03-01,N070,-0.002818
2024-03-01,N071,0.015247
2024-03-01,N072,-0.001016
2024-03-01,N073,0.009663
2024-03-01,N074,0.018240
2024-03-01,N075,0.033797
2024-03-01,N076,-0.022311
2024-03-01,N077,-0.001464
2024-03-01,N078,0.011034
2024-03-01,N079,0.007692
2024-03-01,N080,-0.023507
2024-03-01,N081,-0.043047
2024-03-01,N082,-0.003275
2024-03-01,N083,0.016613
2024-03-01,N084,0.008460
2024-03-01,N085,-0.020354
2024-03-01,N086,-0.008078
2024-03-01,N087,0.014412
2024-03-01,N088,-0.006818
2024-03-01,N089,-0.006342
2024-03-01,N090,0.025134
2024-03-01,N091,-0.004758
2024-03-01,N092,-0.007362
2024-03-01,N093,-0.009532
2024-03-01,N094,-0.019470
2024-03-01,N095,-0.016431
2024-03-01,N096,-0.011473
2024-03-01,N097,0.021624
2024-03-01,N098,-0.016685
2024-03-01,N099,0.030482
2024-03-01,N100,-0.008549
2024-03-01,N101,-0.000826
2024-03-01,N102,-0.031290
2024-03-01,N103,0.035907
2024-03-01,N104,0.022258
2024-03-01,N105,-0.020344
2024-03-01,N106,-0.019387
2024-03-01,N107,-0.006600
2024-03-01,N108,0.009029
2024-03-01,N109,-0.003992
2024-03-01,N110,-0.015611
2024-03-01,N111,-0.005550
2024-03-01,N112,0.015729
2024-03-01,N113,-0.034267
2024-03-01,N114,-0.007718
2024-03-01,N115,0.010127
2024-03-01,N116,-0.023799
2024-03-01,N117,-0.013602
2024-03-01,N118,0.005057
2024-03-01,N119,-0.011496
2024-03-04,N000,0.008518
2024-03-04,N001,-0.031772
2024-03-04,N002,0.003373
2024-03-04,N003,-0.015647
2024-03-04,N004,0.007908
2024-03-04,N005,0.035010
2024-03-04,N006,0.001357
2024-03-04,N007,-0.004756
2024-03-04,N008,-0.067381
2024-03-04,N009,0.018906
2024-03-04,N010,-0.031715
2024-03-04,N011,0.021236
2024-03-04,N012,-0.014597
2024-03-04,N013,0.021421
2024-03-04,N014,-0.007698
2024-03-04,N015,0.000523
2024-03-04,N016,-0.016373
2024-03-04,N017,0.002878
2024-03-04,N018,-0.050062
2024-03-04,N019,-0.002945
2024-03-04,N020,-0.023553
2024-03-04,N021,-0.012325
2024-03-04,N022,0.011225
2024-03-04,N023,-0.019618
2024-03-04,N024,-0.001576
2024-03-04,N025,-0.023067
2024-03-04,N026,-0.022579
2024-03-04,N027,0.024157
2024-03-04,N028,0.006758
2024-03-04,N029,-0.022316
2024-03-04,N030,-0.017924
2024-03-04,N031,-0.008108
2024-03-04,N032,0.001207
2024-03-04,N033,0.028231
2024-03-04,N034,0.004542
2024-03-04,N035,0.008116
2024-03-04,N036,0.009716
2024-03-04,N037,-0.014710
2024-03-04,N038,-0.001478
2024-03-04,N039,-0.016435
2024-03-04,N040,0.002146
2024-03-04,N041,-0.035411
2024-03-04,N042,-0.013422
2024-03-04,N043,-0.004537
2024-03-04,N044,0.021879
2024-03-04,N045,0.041875
2024-03-04,N046,0.010989
2024-03-04,N047,0.015005
2024-03-04,N048,0.003554
2024-03-04,N049,0.005640
2024-03-04,N050,0.016182
2024-03-04,N051,0.029587
2024-03-04,N052,0.007582
2024-03-04,N053,0.009571
2024-03-04,N054,0.008590
2024-03-04,N055,-0.010792
2024-03-04,N056,-0.003623
2024-03-04,N057,0.010834
2024-03-04,N058,-0.011893
2024-03-04,N059,-0.005046
2024-03-04,N060,-0.002464
2024-03-04,N061,-0.024824
2024-03-04,N062,0.007331
2024-03-04,N063,0.020042
2024-03-04,N064,-0.019383
2024-03-04,N065,0.021223
2024-03-04,N066,-0.000763
2024-03-04,N067,0.000524
2024-03-04,N068,-0.000521
2024-03-04,N069,0.000837
2024-03-04,N070,0.004061
2024-03-04,N071,-0.014703
2024-03-04,N072,0.029792
2024-03-04,N073,0.025493
2024-03-04,N074,0.032651
2024-03-04,N075,0.016827
2024-03-04,N076,-0.025633
2024-03-04,N077,-0.003548
2024-03-04,N078,0.013707
2024-03-04,N079,0.033059
2024-03-04,N080,-0.018010
2024-03-04,N081,0.021021
2024-03-04,N082,-0.019941
2024-03-04,N083,0.002533
2024-03-04,N084,0.005538
2024-03-04,N085,0.007029
2024-03-04,N086,0.000718
2024-03-04,N087,0.008079
2024-03-04,N088,0.015222
2024-03-04,N089,-0.008370
2024-03-04,N090,0.004048
2024-03-04,N091,0.015907
2024-03-04,N092,-0.016567
2024-03-04,N093,0.020878
2024-03-04,N094,-0.047734
2024-03-04,N095,-0.023457
2024-03-04,N096,-0.012387
2024-03-04,N097,0.009548
2024-03-04,N098,-0.001226
2024-03-04,N099,-0.011712
2024-03-04,N100,-0.013551
2024-03-04,N101,-0.013898
2024-03-04,N102,0.028546
2024-03-04,N103,-0.000170
2024-03-04,N104,-0.011029
2024-03-04,N105,-0.009452
2024-03-04,N106,-0.000260
2024-03-04,N107,-0.007880
2024-03-04,N108,-0.041847
2024-03-04,N109,-0.042436
2024-03-04,N110,-0.001858
2024-03-04,N111,-0.036258
2024-03-04,N112,0.012011
2024-03-04,N113,-0.015303
2024-03-04,N114,-0.021909
2024-03-04,N115,0.025681
2024-03-04,N116,-0.002835
2024-03-04,N117,-0.018751
2024-03-04,N118,-0.006186
2024-03-04,N119,0.000792
2024-03-05,N000,0.002910
2024-03-05,N001,0.019309
2024-03-05,N002,0.015163
2024-03-05,N003,0.005338
2024-03-05,N004,-0.026214
2024-03-05,N005,0.004956
2024-03-05,N006,0.001394
2024-03-05,N007,-0.004289
2024-03-05,N008,0.010291
2024-03-05,N009,-0.039028
2024-03-05,N010,0.032589
2024-03-05,N011,0.057890
2024-03-05,N012,0.045078
2024-03-05,N013,0.016469
2024-03-05,N014,-0.049610
2024-03-05,N015,0.011608
2024-03-05,N016,-0.009431
2024-03-05,N017,0.024978
2024-03-05,N018,0.054195
2024-03-05,N019,0.020260
2024-03-05,N020,-0.014091
2024-03-05,N021,0.020927
2024-03-05,N022,-0.023418
2024-03-05,N023,0.016488
2024-03-05,N024,-0.018048
2024-03-05,N025,0.044457
2024-03-05,N026,0.008631
2024-03-05,N027,0.011844
2024-03-05,N028,0.033626
2024-03-05,N029,0.004392
2024-03-05,N030,-0.016882
2024-03-05,N031,-0.020879
2024-03-05,N032,0.013996
2024-03-05,N033,0.012994
2024-03-05,N034,0.017071
2024-03-05,N035,-0.030337
2024-03-05,N036,0.005713
2024-03-05,N037,0.004940
2024-03-05,N038,0.000205
2024-03-05,N039,0.001312
2024-03-05,N040,-0.026987
2024-03-05,N041,0.018677
2024-03-05,N042,0.024015
2024-03-05,N043,-0.002321
2024-03-05,N044,0.027305
2024-03-05,N045,0.013642
2024-03-05,N046,0.032138
2024-03-05,N047,-0.058282
2024-03-05,N048,0.022820
2024-03-05,N049,0.016064
2024-03-05,N050,-0.003496
2024-03-05,N051,-0.008449
2024-03-05,N052,-0.012237
2024-03-05,N053,-0.002896
2024-03-05,N054,0.024534
2024-03-05,N055,-0.005317
2024-03-05,N056,-0.016277
2024-03-05,N057,0.011381
2024-03-05,N058,0.014505
2024-03-05,N059,0.005763
2024-03-05,N060,-0.013975
2024-03-05,N061,0.023717
2024-03-05,N062,0.017336
2024-03-05,N063,0.002927
2024-03-05,N064,-0.014506
2024-03-05,N065,0.011068
2024-03-05,N066,-0.006353
2024-03-05,N067,-0.003213
2024-03-05,N068,0.035431
2024-03-05,N069,0.005970
2024-03-05,N070,0.013496
2024-03-05,N071,0.012202
2024-03-05,N072,0.003033
2024-03-05,N073,-0.013873
2024-03-05,N074,-0.038175
2024-03-05,N075,0.055342
2024-03-05,N076,0.015149
2024-03-05,N077,0.037173
2024-03-05,N078,0.004173
2024-03-05,N079,0.046863
2024-03-05,N080,-0.020154
2024-03-05,N081,-0.014698
2024-03-05,N082,0.014814
2024-03-05,N083,-0.048774
2024-03-05,N084,0.012152
2024-03-05,N085,-0.006425
2024-03-05,N086,0.009817
2024-03-05,N087,-0.001949
2024-03-05,N088,-0.026885
2024-03-05,N089,0.036406
2024-03-05,N090,-0.032189
2024-03-05,N091,-0.006508
2024-03-05,N092,0.048159
2024-03-05,N093,0.067818
2024-03-05,N094,0.006330
2024-03-05,N095,0.003404
2024-03-05,N096,-0.013594
2024-03-05,N097,0.008413
2024-03-05,N098,0.026284
2024-03-05,N099,-0.005513
2024-03-05,N100,-0.021775
2024-03-05,N101,-0.020938
2024-03-05,N102,-0.018673
2024-03-05,N103,-0.029244
2024-03-05,N104,-0.020006
2024-03-05,N105,0.011268
2024-03-05,N106,-0.027677
2024-03-05,N107,0.011215
2024-03-05,N108,-0.003099
2024-03-05,N109,0.021881
2024-03-05,N110,-0.012703
2024-03-05,N111,0.000399
2024-03-05,N112,0.015751
2024-03-05,N113,0.029592
2024-03-05,N114,0.002559
2024-03-05,N115,-0.040936
2024-03-05,N116,0.030478
2024-03-05,N117,-0.028840
2024-03-05,N118,-0.030794
2024-03-05,N119,0.012577
2024-03-06,N000,-0.031945
2024-03-06,N001,0.003325
2024-03-06,N002,0.014963
2024-03-06,N003,0.035384
2024-03-06,N004,-0.066058
2024-03-06,N005,0.039021
2024-03-06,N006,-0.003631
2024-03-06,N007,0.004198
2024-03-06,N008,-0.008834
2024-03-06,N009,0.011510
2024-03-06,N010,0.009307
2024-03-06,N011,-0.016614
2024-03-06,N012,0.024521
2024-03-06,N013,-0.007568
2024-03-06,N014,-0.022637
2024-03-06,N015,-0.032155
2024-03-06,N016,0.051683
2024-03-06,N017,0.016965
2024-03-06,N018,0.006741
2024-03-06,N019,0.000954
2024-03-06,N020,0.001331
2024-03-06,N021,0.005725
2024-03-06,N022,0.011995
2024-03-06,N023,-0.022548
2024-03-06,N024,-0.031497
2024-03-06,N025,-0.023415
2024-03-06,N026,0.010014
2024-03-06,N027,-0.028867
2024-03-06,N028,0.018580
2024-03-06,N029,0.031562
2024-03-06,N030,-0.007014
2024-03-06,N031,-0.022867
2024-03-06,N032,-0.029370
2024-03-06,N033,0.005051
2024-03-06,N034,-0.030203
2024-03-06,N035,-0.006327
2024-03-06,N036,-0.010397
2024-03-06,N037,-0.003503
2024-03-06,N038,-0.042609
2024-03-06,N039,-0.009839
2024-03-06,N040,0.003219
2024-03-06,N041,-0.012277
2024-03-06,N042,0.003615
2024-03-06,N043,0.016232
2024-03-06,N044,0.012040
2024-03-06,N045,-0.015329
2024-03-06,N046,-0.018521
2024-03-06,N047,-0.009419
2024-03-06,N048,0.002401
2024-03-06,N049,-0.014000
2024-03-06,N050,0.004305
2024-03-06,N051,0.006614
2024-03-06,N052,-0.020827
2024-03-06,N053,0.023446
2024-03-06,N054,-0.008677
2024-03-06,N055,-0.013593
2024-03-06,N056,0.033770
2024-03-06,N057,-0.035079
2024-03-06,N058,0.002731
2024-03-06,N059,-0.037689
2024-03-06,N060,-0.000821
2024-03-06,N061,0.007555
2024-03-06,N062,0.018728
2024-03-06,N063,0.020513
2024-03-06,N064,0.008519
2024-03-06,N065,-0.014248
2024-03-06,N066,-0.033571
2024-03-06,N067,-0.032360
2024-03-06,N068,-0.013181
2024-03-06,N069,-0.012157
2024-03-06,N070,-0.005615
2024-03-06,N071,0.002984
2024-03-06,N072,-0.005102
2024-03-06,N073,0.001167
2024-03-06,N074,0.018225
2024-03-06,N075,-0.017819
2024-03-06,N076,-0.042064
2024-03-06,N077,0.017678
2024-03-06,N078,-0.021732
2024-03-06,N079,-0.008741
2024-03-06,N080,0.001887
2024-03-06,N081,-0.013670
2024-03-06,N082,0.029884
2024-03-06,N083,0.010491
2024-03-06,N084,-0.034177
2024-03-06,N085,-0.002908
2024-03-06,N086,0.015517
2024-03-06,N087,0.014664
2024-03-06,N088,0.001651
2024-03-06,N089,0.031363
2024-03-06,N090,0.017488
2024-03-06,N091,-0.009269
2024-03-06,N092,0.006226
2024-03-06,N093,-0.047933
2024-03-06,N094,-0.034985
2024-03-06,N095,-0.036327
2024-03-06,N096,-0.012136
2024-03-06,N097,-0.035727
2024-03-06,N098,0.009492
2024-03-06,N099,-0.007471
2024-03-06,N100,0.026921
2024-03-06,N101,0.028206
2024-03-06,N102,-0.003947
2024-03-06,N103,-0.016118
2024-03-06,N104,-0.029390
2024-03-06,N105,0.064568
2024-03-06,N106,0.011152
2024-03-06,N107,-0.014055
2024-03-06,N108,0.008891
2024-03-06,N109,0.014719
2024-03-06,N110,0.044613
2024-03-06,N111,-0.009951
2024-03-06,N112,-0.046894
2024-03-06,N113,-0.006882
2024-03-06,N114,0.010098
2024-03-06,N115,-0.014015
2024-03-06,N116,-0.003921
2024-03-06,N117,-0.019965
2024-03-06,N118,0.016873
2024-03-06,N119,0.009507
2024-03-07,N000,-0.005563
2024-03-07,N001,0.004516
2024-03-07,N002,0.026612
2024-03-07,N003,-0.007547
2024-03-07,N004,-0.017102
2024-03-07,N005,0.026939
2024-03-07,N006,0.012866
2024-03-07,N007,-0.011178
2024-03-07,N008,0.022145
2024-03-07,N009,-0.024337
2024-03-07,N010,-0.010874
2024-03-07,N011,0.000820
2024-03-07,N012,0.005207
2024-03-07,N013,0.029087
2024-03-07,N014,0.019408
2024-03-07,N015,0.018625
2024-03-07,N016,0.033724
2024-03-07,N017,0.018921
2024-03-07,N018,-0.016510
2024-03-07,N019,0.026560
2024-03-07,N020,-0.019549
2024-03-07,N021,0.007219
2024-03-07,N022,-0.009587
2024-03-07,N023,0.008029
2024-03-07,N024,-0.030354
2024-03-07,N025,0.010997
2024-03-07,N026,0.007282
2024-03-07,N027,0.001570
2024-03-07,N028,-0.006063
2024-03-07,N029,0.001240
2024-03-07,N030,-0.000793
2024-03-07,N031,0.031703
2024-03-07,N032,0.004007
2024-03-07,N033,-0.000119
2024-03-07,N034,0.003975
2024-03-07,N035,0.036081
2024-03-07,N036,-0.005996
2024-03-07,N037,0.003657
2024-03-07,N038,0.006310
2024-03-07,N039,0.006187
2024-03-07,N040,0.017087
2024-03-07,N041,-0.002358
2024-03-07,N042,0.003186
2024-03-07,N043,0.004635
2024-03-07,N044,0.002947
2024-03-07,N045,-0.002081
2024-03-07,N046,0.005504
2024-03-07,N047,-0.023451
2024-03-07,N048,-0.002363
2024-03-07,N049,0.002852
2024-03-07,N050,-0.035764
2024-03-07,N051,0.008309
2024-03-07,N052,0.008819
2024-03-07,N053,-0.008364
2024-03-07,N054,0.027773
2024-03-07,N055,0.014338
2024-03-07,N056,-0.017200
2024-03-07,N057,0.019253
2024-03-07,N058,0.023964
2024-03-07,N059,0.033106
2024-03-07,N060,0.001089
2024-03-07,N061,0.031169
2024-03-07,N062,-0.023115
2024-03-07,N063,0.046358
2024-03-07,N064,-0.042845
2024-03-07,N065,-0.036327
2024-03-07,N066,0.000335
2024-03-07,N067,-0.009145
2024-03-07,N068,-0.005842
2024-03-07,N069,0.018313
2024-03-07,N070,-0.016500
2024-03-07,N071,0.014922
2024-03-07,N072,-0.033983
2024-03-07,N073,-0.031264
2024-03-07,N074,-0.004712
2024-03-07,N075,0.006142
2024-03-07,N076,0.000902
2024-03-07,N077,-0.007827
2024-03-07,N078,-0.001408
2024-03-07,N079,0.015101
2024-03-07,N080,-0.021162
2024-03-07,N081,0.012754
2024-03-07,N082,-0.017324
2024-03-07,N083,0.017088
2024-03-07,N084,-0.010185
2024-03-07,N085,0.015835
2024-03-07,N086,-0.006194
2024-03-07,N087,-0.016203
2024-03-07,N088,0.029368
2024-03-07,N089,-0.009390
2024-03-07,N090,0.009800
2024-03-07,N091,-0.051313
2024-03-07,N092,0.007299
2024-03-07,N093,-0.014131
2024-03-07,N094,-0.013999
2024-03-07,N095,0.004573
2024-03-07,N096,-0.024061
2024-03-07,N097,0.017232
2024-03-07,N098,0.005645
2024-03-07,N099,0.042661
2024-03-07,N100,-0.023477
2024-03-07,N101,-0.000753
2024-03-07,N102,0.023330
2024-03-07,N103,-0.014386
2024-03-07,N104,0.007846
2024-03-07,N105,-0.009176
2024-03-07,N106,-0.026217
2024-03-07,N107,0.016259
2024-03-07,N108,0.013755
2024-03-07,N109,-0.011846
2024-03-07,N110,0.016973
2024-03-07,N111,-0.042837
2024-03-07,N112,-0.030786
2024-03-07,N113,0.008633
2024-03-07,N114,0.022216
2024-03-07,N115,-0.020807
2024-03-07,N116,-0.038256
2024-03-07,N117,-0.025048
2024-03-07,N118,0.019955
2024-03-07,N119,0.011065
2024-03-08,N000,0.050105
2024-03-08,N001,-0.034619
2024-03-08,N002,-0.027919
2024-03-08,N003,-0.018991
2024-03-08,N004,0.014843
2024-03-08,N005,0.007530
2024-03-08,N006,0.009536
2024-03-08,N007,-0.021165
2024-03-08,N008,0.033666
2024-03-08,N009,-0.009683
2024-03-08,N010,-0.006824
2024-03-08,N011,0.022924
2024-03-08,N012,-0.042476
2024-03-08,N013,-0.013683
2024-03-08,N014,0.006955
2024-03-08,N015,-0.004609
2024-03-08,N016,0.025002
2024-03-08,N017,-0.006872
2024-03-08,N018,-0.028983
2024-03-08,N019,-0.021115
2024-03-08,N020,-0.015223
2024-03-08,N021,0.026537
2024-03-08,N022,-0.028732
2024-03-08,N023,-0.003898
2024-03-08,N024,-0.005236
2024-03-08,N025,-0.026345
2024-03-08,N026,-0.014877
2024-03-08,N027,-0.013498
2024-03-08,N028,0.020605
2024-03-08,N029,0.000896
2024-03-08,N030,0.034538
2024-03-08,N031,-0.018308
2024-03-08,N032,0.021830
2024-03-08,N033,-0.003934
2024-03-08,N034,0.013033
2024-03-08,N035,0.045134
2024-03-08,N036,0.018191
2024-03-08,N037,-0.021775
2024-03-08,N038,-0.000731
2024-03-08,N039,0.008351
2024-03-08,N040,-0.033250
2024-03-08,N041,0.026201
2024-03-08,N042,-0.025433
2024-03-08,N043,0.021400
2024-03-08,N044,0.002507
2024-03-08,N045,-0.016141
2024-03-08,N046,0.009575
2024-03-08,N047,0.010091
2024-03-08,N048,0.000474
2024-03-08,N049,0.002740
2024-03-08,N050,-0.009118
2024-03-08,N051,0.007914
2024-03-08,N052,-0.019719
2024-03-08,N053,-0.020223
2024-03-08,N054,-0.006522
2024-03-08,N055,0.019397
2024-03-08,N056,-0.025330
2024-03-08,N057,-0.006438
2024-03-08,N058,0.007888
2024-03-08,N059,-0.018685
2024-03-08,N060,0.032554
2024-03-08,N061,0.008294
2024-03-08,N062,0.008054
2024-03-08,N063,0.034396
2024-03-08,N064,-0.002028
2024-03-08,N065,0.015816
2024-03-08,N066,0.023912
2024-03-08,N067,0.002388
2024-03-08,N068,-0.014128
2024-03-08,N069,-0.004899
2024-03-08,N070,0.011514
2024-03-08,N071,0.000289
2024-03-08,N072,-0.025733
2024-03-08,N073,-0.005189
2024-03-08,N074,0.025857
2024-03-08,N075,0.015971
2024-03-08,N076,0.036669
2024-03-08,N077,0.010147
2024-03-08,N078,0.002855
2024-03-08,N079,-0.027741
2024-03-08,N080,0.030359
2024-03-08,N081,0.025721
2024-03-08,N082,0.010007
2024-03-08,N083,-0.030220
2024-03-08,N084,0.005736
2024-03-08,N085,0.008616
2024-03-08,N086,0.013385
2024-03-08,N087,0.019127
2024-03-08,N088,0.008000
2024-03-08,N089,-0.025428
2024-03-08,N090,-0.001392
2024-03-08,N091,-0.010580
2024-03-08,N092,0.034388
2024-03-08,N093,0.006782
2024-03-08,N094,-0.011305
2024-03-08,N095,0.018485
2024-03-08,N096,0.012450
2024-03-08,N097,-0.012828
2024-03-08,N098,-0.004663
2024-03-08,N099,-0.013687
2024-03-08,N100,-0.002567
2024-03-08,N101,0.012892
2024-03-08,N102,0.011017
2024-03-08,N103,-0.001033
2024-03-08,N104,-0.029504
2024-03-08,N105,0.001733
2024-03-08,N106,0.017418
2024-03-08,N107,-0.030188
2024-03-08,N108,-0.020848
2024-03-08,N109,0.032690
2024-03-08,N110,0.002255
2024-03-08,N111,0.004942
2024-03-08,N112,0.040512
2024-03-08,N113,0.023785
2024-03-08,N114,-0.009195
2024-03-08,N115,0.019074
2024-03-08,N116,-0.015068
2024-03-08,N117,0.010817
2024-03-08,N118,-0.012174
2024-03-08,N119,0.037581
2024-03-11,N000,0.039226
2024-03-11,N001,0.002111
2024-03-11,N002,0.018020
2024-03-11,N003,0.010317
2024-03-11,N004,-0.018599
2024-03-11,N005,0.022213
2024-03-11,N006,-0.006764
2024-03-11,N007,-0.005792
2024-03-11,N008,-0.001528
2024-03-11,N009,0.021756
2024-03-11,N010,-0.007139
2024-03-11,N011,-0.000419
2024-03-11,N012,0.008812
2024-03-11,N013,0.025989
2024-03-11,N014,-0.006727
2024-03-11,N015,-0.006337
2024-03-11,N016,-0.025900
2024-03-11,N017,-0.037039
2024-03-11,N018,-0.010759
2024-03-11,N019,-0.022494
2024-03-11,N020,0.013054
2024-03-11,N021,-0.003600
2024-03-11,N022,-0.017492
2024-03-11,N023,-0.024675
2024-03-11,N024,0.005237
2024-03-11,N025,0.032021
2024-03-11,N026,0.015470
2024-03-11,N027,-0.045976
2024-03-11,N028,-0.031216
2024-03-11,N029,-0.001054
2024-03-11,N030,0.006090
2024-03-11,N031,-0.019514
2024-03-11,N032,0.006424
2024-03-11,N033,0.031820
2024-03-11,N034,-0.012707
2024-03-11,N035,0.045014
2024-03-11,N036,0.020449
2024-03-11,N037,0.009875
2024-03-11,N038,0.028930
2024-03-11,N039,-0.015678
2024-03-11,N040,0.006425
2024-03-11,N041,-0.038376
2024-03-11,N042,-0.020174
2024-03-11,N043,0.009497
2024-03-11,N044,-0.002299
2024-03-11,N045,0.021726
2024-03-11,N046,0.027821
2024-03-11,N047,0.017933
2024-03-11,N048,-0.001377
2024-03-11,N049,0.005610
2024-03-11,N050,-0.004038
2024-03-11,N051,0.008461
2024-03-11,N052,0.001016
2024-03-11,N053,0.034704
2024-03-11,N054,0.020098
2024-03-11,N055,0.034765
2024-03-11,N056,0.004065
2024-03-11,N057,-0.020235
2024-03-11,N058,-0.016582
2024-03-11,N059,0.013952
2024-03-11,N060,0.017543
2024-03-11,N061,0.005093
2024-03-11,N062,0.002433
2024-03-11,N063,0.036738
2024-03-11,N064,-0.017512
2024-03-11,N065,0.020899
2024-03-11,N066,-0.044054
2024-03-11,N067,0.009259
2024-03-11,N068,0.006157
2024-03-11,N069,0.008448
2024-03-11,N070,0.033415
2024-03-11,N071,-0.002180
2024-03-11,N072,0.000129
2024-03-11,N073,0.039576
2024-03-11,N074,-0.022852
2024-03-11,N075,-0.037010
2024-03-11,N076,0.029099
2024-03-11,N077,0.007491
2024-03-11,N078,0.007262
2024-03-11,N079,0.022398
2024-03-11,N080,-0.005044
2024-03-11,N081,0.011905
2024-03-11,N082,-0.000370
2024-03-11,N083,-0.005727
2024-03-11,N084,0.018935
2024-03-11,N085,0.006886
2024-03-11,N086,-0.031121
2024-03-11,N087,-0.014072
2024-03-11,N088,-0.011902
2024-03-11,N089,0.029118
2024-03-11,N090,-0.047376
2024-03-11,N091,-0.030783
2024-03-11,N092,0.032210
2024-03-11,N093,0.007098
2024-03-11,N094,0.023667
2024-03-11,N095,0.026381
2024-03-11,N096,-0.022825
2024-03-11,N097,-0.009277
2024-03-11,N098,0.012251
2024-03-11,N099,0.021904
2024-03-11,N100,-0.025619
2024-03-11,N101,0.007340
2024-03-11,N102,-0.015939
2024-03-11,N103,0.011570
2024-03-11,N104,0.010988
2024-03-11,N105,0.019758
2024-03-11,N106,-0.023859
2024-03-11,N107,0.008924
2024-03-11,N108,-0.004745
2024-03-11,N109,0.001250
2024-03-11,N110,-0.002737
2024-03-11,N111,-0.016252
2024-03-11,N112,-0.019859
2024-03-11,N113,0.002770
2024-03-11,N114,-0.013029
2024-03-11,N115,0.012787
2024-03-11,N116,-0.018771
2024-03-11,N117,0.014922
2024-03-11,N118,-0.025756
2024-03-11,N119,0.001325
2024-03-12,N000,-0.003758
2024-03-12,N001,0.040644
2024-03-12,N002,-0.029823
2024-03-12,N003,0.019551
2024-03-12,N004,-0.012595
2024-03-12,N005,-0.024682
2024-03-12,N006,0.025147
2024-03-12,N007,-0.001671
2024-03-12,N008,-0.010788
2024-03-12,N009,0.005295
2024-03-12,N010,-0.010731
2024-03-12,N011,-0.010684
2024-03-12,N012,0.039822
2024-03-12,N013,-0.014769
2024-03-12,N014,0.019004
2024-03-12,N015,-0.025403
2024-03-12,N016,-0.021734
2024-03-12,N017,0.012807
2024-03-12,N018,-0.029587
2024-03-12,N019,-0.020778
2024-03-12,N020,-0.008546
2024-03-12,N021,0.019291
2024-03-12,N022,0.012724
2024-03-12,N023,0.004565
2024-03-12,N024,-0.027904
2024-03-12,N025,-0.027791
2024-03-12,N026,0.003244
2024-03-12,N027,0.012051
2024-03-12,N028,-0.003113
2024-03-12,N029,-0.009829
2024-03-12,N030,-0.047072
2024-03-12,N031,0.001827
2024-03-12,N032,-0.017356
2024-03-12,N033,0.018125
2024-03-12,N034,0.015859
2024-03-12,N035,0.008787
2024-03-12,N036,0.000118
2024-03-12,N037,-0.003960
2024-03-12,N038,-0.026809
2024-03-12,N039,0.043780
2024-03-12,N040,-0.012547
2024-03-12,N041,-0.007931
2024-03-12,N042,0.019212
2024-03-12,N043,-0.032051
2024-03-12,N044,-0.013078
2024-03-12,N045,-0.002075
2024-03-12,N046,0.016536
2024-03-12,N047,-0.011168
2024-03-12,N048,-0.007030
2024-03-12,N049,0.010995
2024-03-12,N050,0.022948
2024-03-12,N051,0.001402
2024-03-12,N052,0.010699
2024-03-12,N053,0.039312
2024-03-12,N054,0.004513
2024-03-12,N055,-0.014041
2024-03-12,N056,-0.036961
2024-03-12,N057,-0.015506
2024-03-12,N058,-0.011604
2024-03-12,N059,-0.011916
2024-03-12,N060,-0.007416
2024-03-12,N061,-0.005384
2024-03-12,N062,0.009496
2024-03-12,N063,-0.017661
2024-03-12,N064,0.001999
2024-03-12,N065,-0.031662
2024-03-12,N066,0.009973
2024-03-12,N067,0.023194
2024-03-12,N068,-0.011593
2024-03-12,N069,-0.009563
2024-03-12,N070,0.034122
2024-03-12,N071,0.017993
2024-03-12,N072,0.001756
2024-03-12,N073,-0.009113
2024-03-12,N074,-0.007469
2024-03-12,N075,-0.003425
2024-03-12,N076,-0.003201
2024-03-12,N077,-0.014844
2024-03-12,N078,-0.005971
2024-03-12,N079,-0.007081
2024-03-12,N080,0.002423
2024-03-12,N081,0.020335
2024-03-12,N082,0.012997
2024-03-12,N083,-0.001480
2024-03-12,N084,-0.007162
2024-03-12,N085,-0.000476
2024-03-12,N086,-0.016648
2024-03-12,N087,-0.019610
2024-03-12,N088,-0.021152
2024-03-12,N089,-0.044884
2024-03-12,N090,-0.021515
2024-03-12,N091,0.007751
2024-03-12,N092,-0.048406
2024-03-12,N093,0.033698
2024-03-12,N094,-0.020216
2024-03-12,N095,0.023654
2024-03-12,N096,0.006000
2024-03-12,N097,-0.009115
2024-03-12,N098,-0.002853
2024-03-12,N099,0.009130
2024-03-12,N100,0.011273
2024-03-12,N101,0.032264
2024-03-12,N102,0.031129
2024-03-12,N103,0.000033
2024-03-12,N104,-0.006100
2024-03-12,N105,0.006702
2024-03-12,N106,-0.023749
2024-03-12,N107,-0.010600
2024-03-12,N108,-0.037366
2024-03-12,N109,-0.005925
2024-03-12,N110,0.017829
2024-03-12,N111,-0.002783
2024-03-12,N112,-0.011687
2024-03-12,N113,0.003568
2024-03-12,N114,-0.029886
2024-03-12,N115,0.004250
2024-03-12,N116,0.031330
2024-03-12,N117,-0.026476
2024-03-12,N118,0.017222
2024-03-12,N119,0.010852
2024-03-13,N000,-0.017445
2024-03-13,N001,0.014497
2024-03-13,N002,0.018002
2024-03-13,N003,0.016121
2024-03-13,N004,-0.004160
2024-03-13,N005,-0.010648
2024-03-13,N006,-0.029824
2024-03-13,N007,-0.000952
2024-03-13,N008,0.006661
2024-03-13,N009,0.007096
2024-03-13,N010,-0.002737
2024-03-13,N011,0.025355
2024-03-13,N012,-0.021599
2024-03-13,N013,0.017731
2024-03-13,N014,0.045910
2024-03-13,N015,0.037069
2024-03-13,N016,0.000048
2024-03-13,N017,0.001787
2024-03-13,N018,0.010053
2024-03-13,N019,0.043891
2024-03-13,N020,0.000529
2024-03-13,N021,0.035489
2024-03-13,N022,0.026996
2024-03-13,N023,-0.005699
2024-03-13,N024,-0.005672
2024-03-13,N025,-0.024474
2024-03-13,N026,0.020277
2024-03-13,N027,-0.002782
2024-03-13,N028,-0.024521
2024-03-13,N029,-0.008830
2024-03-13,N030,-0.031810
2024-03-13,N031,-0.018251
2024-03-13,N032,0.000653
2024-03-13,N033,0.019764
2024-03-13,N034,0.004788
2024-03-13,N035,0.013640
2024-03-13,N036,0.026677
2024-03-13,N037,-0.023798
2024-03-13,N038,-0.053751
2024-03-13,N039,0.009747
2024-03-13,N040,0.014046
2024-03-13,N041,0.000742
2024-03-13,N042,0.003089
2024-03-13,N043,0.011934
2024-03-13,N044,-0.018974
2024-03-13,N045,0.035905
2024-03-13,N046,0.018979
2024-03-13,N047,-0.027575
2024-03-13,N048,-0.014478
2024-03-13,N049,0.018770
2024-03-13,N050,-0.006788
2024-03-13,N051,-0.040700
2024-03-13,N052,0.000510
2024-03-13,N053,0.020820
2024-03-13,N054,-0.028165
2024-03-13,N055,-0.015537
2024-03-13,N056,-0.025227
2024-03-13,N057,0.026694
2024-03-13,N058,0.019305
2024-03-13,N059,-0.019503
2024-03-13,N060,0.046098
2024-03-13,N061,0.021713
2024-03-13,N062,0.007320
2024-03-13,N063,-0.010373
2024-03-13,N064,0.009648
2024-03-13,N065,0.005433
2024-03-13,N066,0.028596
2024-03-13,N067,0.002343
2024-03-13,N068,0.002309
2024-03-13,N069,0.030762
2024-03-13,N070,0.000734
2024-03-13,N071,-0.007147
2024-03-13,N072,-0.024053
2024-03-13,N073,-0.046150
2024-03-13,N074,0.017387
2024-03-13,N075,0.009216
2024-03-13,N076,-0.000962
2024-03-13,N077,0.028346
2024-03-13,N078,-0.012675
2024-03-13,N079,0.013729
2024-03-13,N080,-0.015699
2024-03-13,N081,-0.025582
2024-03-13,N082,0.008121
2024-03-13,N083,-0.019801
2024-03-13,N084,0.016757
2024-03-13,N085,-0.017230
2024-03-13,N086,0.003105
2024-03-13,N087,-0.017120
2024-03-13,N088,0.014241
2024-03-13,N089,-0.016354
2024-03-13,N090,0.017362
2024-03-13,N091,0.022707
2024-03-13,N092,0.019709
2024-03-13,N093,-0.013477
2024-03-13,N094,0.005567
2024-03-13,N095,0.009979
2024-03-13,N096,-0.009355
2024-03-13,N097,-0.011098
2024-03-13,N098,0.021825
2024-03-13,N099,-0.001252
2024-03-13,N100,-0.006420
2024-03-13,N101,0.018371
2024-03-13,N102,0.036811
2024-03-13,N103,-0.004138
2024-03-13,N104,0.002477
2024-03-13,N105,0.029312
2024-03-13,N106,0.022608
2024-03-13,N107,-0.006943
2024-03-13,N108,0.013275
2024-03-13,N109,-0.021104
2024-03-13,N110,-0.001332
2024-03-13,N111,0.010723
2024-03-13,N112,0.006841
2024-03-13,N113,-0.015610
2024-03-13,N114,0.005735
2024-03-13,N115,-0.015847
2024-03-13,N116,-0.028049
2024-03-13,N117,0.012072
2024-03-13,N118,-0.039987
2024-03-13,N119,-0.036669
2024-03-14,N000,0.014969
2024-03-14,N001,0.005594
2024-03-14,N002,0.022601
2024-03-14,N003,0.010184
2024-03-14,N004,0.017473
2024-03-14,N005,0.020071
2024-03-14,N006,-0.013344
2024-03-14,N007,0.000512
2024-03-14,N008,0.009270
2024-03-14,N009,-0.018634
2024-03-14,N010,-0.009681
2024-03-14,N011,0.007332
2024-03-14,N012,-0.023382
2024-03-14,N013,-0.014218
2024-03-14,N014,0.021485
2024-03-14,N015,-0.019421
2024-03-14,N016,-0.014175
2024-03-14,N017,-0.026570
2024-03-14,N018,-0.004626
2024-03-14,N019,0.015392
2024-03-14,N020,-0.016605
2024-03-14,N021,0.025539
2024-03-14,N022,0.017265
2024-03-14,N023,0.017321
2024-03-14,N024,0.034365
2024-03-14,N025,0.042902
2024-03-14,N026,0.008526
2024-03-14,N027,0.022038
2024-03-14,N028,-0.017138
2024-03-14,N029,-0.022155
2024-03-14,N030,-0.017073
2024-03-14,N031,-0.047153
2024-03-14,N032,-0.028125
2024-03-14,N033,0.016902
2024-03-14,N034,0.017447
2024-03-14,N035,-0.021468
2024-03-14,N036,0.017111
2024-03-14,N037,0.003055
2024-03-14,N038,0.016598
2024-03-14,N039,0.028002
2024-03-14,N040,0.017792
2024-03-14,N041,-0.028370
2024-03-14,N042,-0.003431
2024-03-14,N043,0.028210
2024-03-14,N044,0.006578
2024-03-14,N045,-0.003198
2024-03-14,N046,0.052379
2024-03-14,N047,-0.008887
2024-03-14,N048,-0.014705
2024-03-14,N049,0.001665
2024-03-14,N050,0.021132
2024-03-14,N051,0.017686
2024-03-14,N052,0.024980
2024-03-14,N053,-0.004048
2024-03-14,N054,0.006523
2024-03-14,N055,-0.002617
2024-03-14,N056,-0.018476
2024-03-14,N057,0.027739
2024-03-14,N058,0.001268
2024-03-14,N059,-0.008742
2024-03-14,N060,-0.034235
2024-03-14,N061,0.004307
2024-03-14,N062,0.011161
2024-03-14,N063,0.013929
2024-03-14,N064,0.020406
2024-03-14,N065,0.026243
2024-03-14,N066,-0.025757
2024-03-14,N067,0.014382
2024-03-14,N068,0.017595
2024-03-14,N069,0.023272
2024-03-14,N070,-0.001711
2024-03-14,N071,0.031790
2024-03-14,N072,0.008092
2024-03-14,N073,-0.018630
2024-03-14,N074,0.005023
2024-03-14,N075,0.003289
2024-03-14,N076,-0.011783
2024-03-14,N077,0.066017
2024-03-14,N078,0.003206
2024-03-14,N079,0.002154
2024-03-14,N080,-0.021680
2024-03-14,N081,-0.006779
2024-03-14,N082,0.008559
2024-03-14,N083,-0.023386
2024-03-14,N084,0.015502
2024-03-14,N085,0.001657
2024-03-14,N086,0.022757
2024-03-14,N087,0.017464
2024-03-14,N088,0.029940
2024-03-14,N089,-0.001795
2024-03-14,N090,-0.000657
2024-03-14,N091,-0.028603
2024-03-14,N092,-0.015829
2024-03-14,N093,-0.013197
2024-03-14,N094,-0.009463
2024-03-14,N095,0.012034
2024-03-14,N096,0.002730
2024-03-14,N097,-0.004978
2024-03-14,N098,-0.000502
2024-03-14,N099,0.024220
2024-03-14,N100,-0.006668
2024-03-14,N101,0.030778
2024-03-14,N102,-0.016544
2024-03-14,N103,0.018090
2024-03-14,N104,-0.010617
2024-03-14,N105,-0.008897
2024-03-14,N106,-0.021960
2024-03-14,N107,0.009836
2024-03-14,N108,0.008338
2024-03-14,N109,0.011479
2024-03-14,N110,0.023837
2024-03-14,N111,0.028719
2024-03-14,N112,-0.022771
2024-03-14,N113,-0.020920
2024-03-14,N114,-0.014137
2024-03-14,N115,0.000914
2024-03-14,N116,0.055462
2024-03-14,N117,0.006148
2024-03-14,N118,-0.006424
2024-03-14,N119,-0.042153
2024-03-15,N000,0.032260
2024-03-15,N001,0.001643
2024-03-15,N002,-0.001169
2024-03-15,N003,-0.007218
2024-03-15,N004,0.008246
2024-03-15,N005,0.002120
2024-03-15,N006,-0.020733
2024-03-15,N007,-0.010224
2024-03-15,N008,-0.020299
2024-03-15,N009,0.017805
2024-03-15,N010,-0.017370
2024-03-15,N011,-0.000974
2024-03-15,N012,-0.000075
2024-03-15,N013,0.040945
2024-03-15,N014,0.003741
2024-03-15,N015,-0.010663
2024-03-15,N016,-0.007782
2024-03-15,N017,-0.021466
2024-03-15,N018,-0.001083
2024-03-15,N019,0.006259
2024-03-15,N020,-0.012858
2024-03-15,N021,0.016377
2024-03-15,N022,0.029596
2024-03-15,N023,0.019427
2024-03-15,N024,0.046529
2024-03-15,N025,0.013220
2024-03-15,N026,0.014061
2024-03-15,N027,-0.001119
2024-03-15,N028,-0.001779
2024-03-15,N029,0.010369
2024-03-15,N030,0.002953
2024-03-15,N031,-0.000516
2024-03-15,N032,0.055450
2024-03-15,N033,0.006726
2024-03-15,N034,-0.022649
2024-03-15,N035,-0.008742
2024-03-15,N036,0.034794
2024-03-15,N037,0.014442
2024-03-15,N038,0.000580
2024-03-15,N039,-0.003049
2024-03-15,N040,-0.012866
2024-03-15,N041,0.010856
2024-03-15,N042,-0.005516
2024-03-15,N043,0.014822
2024-03-15,N044,0.009621
2024-03-15,N045,-0.026274
2024-03-15,N046,0.004537
2024-03-15,N047,0.020653
2024-03-15,N048,-0.016451
2024-03-15,N049,0.012680
2024-03-15,N050,0.004109
2024-03-15,N051,-0.027457
2024-03-15,N052,0.009624
2024-03-15,N053,0.033153
2024-03-15,N054,0.015268
2024-03-15,N055,0.004227
2024-03-15,N056,-0.003793
2024-03-15,N057,0.004746
2024-03-15,N058,-0.009640
2024-03-15,N059,-0.011990
2024-03-15,N060,0.000379
2024-03-15,N061,-0.028000
2024-03-15,N062,0.005968
2024-03-15,N063,-0.068162
2024-03-15,N064,0.005235
2024-03-15,N065,0.019914
2024-03-15,N066,-0.014383
2024-03-15,N067,0.011879
2024-03-15,N068,0.019715
2024-03-15,N069,0.004819
2024-03-15,N070,-0.032720
2024-03-15,N071,-0.013001
2024-03-15,N072,-0.030187
2024-03-15,N073,-0.005844
2024-03-15,N074,-0.002817
2024-03-15,N075,0.007482
2024-03-15,N076,-0.016208
2024-03-15,N077,-0.014750
2024-03-15,N078,-0.015671
2024-03-15,N079,-0.002979
2024-03-15,N080,-0.014458
2024-03-15,N081,0.021275
2024-03-15,N082,-0.014366
2024-03-15,N083,0.004784
2024-03-15,N084,-0.016403
2024-03-15,N085,-0.003830
2024-03-15,N086,-0.003640
2024-03-15,N087,0.031285
2024-03-15,N088,-0.028013
2024-03-15,N089,-0.001484
2024-03-15,N090,-0.013098
2024-03-15,N091,0.010489
2024-03-15,N092,0.029376
2024-03-15,N093,-0.004104
2024-03-15,N094,0.013484
2024-03-15,N095,0.003149
2024-03-15,N096,-0.000870
2024-03-15,N097,-0.009268
2024-03-15,N098,0.000261
2024-03-15,N099,-0.015976
2024-03-15,N100,0.010189
2024-03-15,N101,-0.012584
2024-03-15,N102,-0.015825
2024-03-15,N103,0.003222
2024-03-15,N104,0.014262
2024-03-15,N105,-0.048055
2024-03-15,N106,-0.038007
2024-03-15,N107,0.002426
2024-03-15,N108,-0.010331
2024-03-15,N109,0.006331
2024-03-15,N110,-0.011539
2024-03-15,N111,0.034977
2024-03-15,N112,0.004412
2024-03-15,N113,0.022512
2024-03-15,N114,0.000121
2024-03-15,N115,-0.031398
2024-03-15,N116,-0.014935
2024-03-15,N117,0.013014
2024-03-15,N118,-0.002433
2024-03-15,N119,-0.043705
2024-03-18,N000,0.030651
2024-03-18,N001,0.026793
2024-03-18,N002,0.021841
2024-03-18,N003,-0.012820
2024-03-18,N004,0.024222
2024-03-18,N005,-0.017650
2024-03-18,N006,0.051009
2024-03-18,N007,-0.009593
2024-03-18,N008,0.020548
2024-03-18,N009,0.027189
2024-03-18,N010,-0.029340
2024-03-18,N011,-0.023284
2024-03-18,N012,-0.006561
2024-03-18,N013,-0.028893
2024-03-18,N014,-0.014423
2024-03-18,N015,-0.003070
2024-03-18,N016,-0.019322
2024-03-18,N017,-0.009690
2024-03-18,N018,0.015279
2024-03-18,N019,-0.040924
2024-03-18,N020,0.038899
2024-03-18,N021,-0.004040
2024-03-18,N022,0.003861
2024-03-18,N023,0.000651
2024-03-18,N024,0.001009
2024-03-18,N025,-0.005215
2024-03-18,N026,0.005403
2024-03-18,N027,0.030915
2024-03-18,N028,0.006066
2024-03-18,N029,0.011025
2024-03-18,N030,0.052698
2024-03-18,N031,0.004113
2024-03-18,N032,-0.033250
2024-03-18,N033,-0.027538
2024-03-18,N034,-0.002439
2024-03-18,N035,0.020757
2024-03-18,N036,0.006076
2024-03-18,N037,0.022163
2024-03-18,N038,-0.012090
2024-03-18,N039,0.044098
2024-03-18,N040,0.012303
2024-03-18,N041,0.007144
2024-03-18,N042,-0.025932
2024-03-18,N043,-0.032506
2024-03-18,N044,-0.025249
2024-03-18,N045,0.014086
2024-03-18,N046,0.022039
2024-03-18,N047,0.004077
2024-03-18,N048,-0.008925
2024-03-18,N049,-0.001930
2024-03-18,N050,-0.004281
2024-03-18,N051,-0.036521
2024-03-18,N052,-0.027281
2024-03-18,N053,0.050289
2024-03-18,N054,0.006994
2024-03-18,N055,-0.017753
2024-03-18,N056,-0.005015
2024-03-18,N057,-0.027526
2024-03-18,N058,-0.001816
2024-03-18,N059,-0.010144
2024-03-18,N060,-0.012519
2024-03-18,N061,-0.013216
2024-03-18,N062,0.015340
2024-03-18,N063,-0.014717
2024-03-18,N064,0.009817
2024-03-18,N065,-0.007611
2024-03-18,N066,0.021694
2024-03-18,N067,-0.013618
2024-03-18,N068,0.012574
2024-03-18,N069,-0.007655
2024-03-18,N070,-0.007396
2024-03-18,N071,-0.019407
2024-03-18,N072,-0.024297
2024-03-18,N073,0.001775
2024-03-18,N074,0.011522
2024-03-18,N075,-0.037365
2024-03-18,N076,0.013065
2024-03-18,N077,-0.004085
2024-03-18,N078,0.015874
2024-03-18,N079,0.002146
2024-03-18,N080,0.010730
2024-03-18,N081,-0.019095
2024-03-18,N082,-0.022080
2024-03-18,N083,-0.050465
2024-03-18,N084,0.015430
2024-03-18,N085,-0.019541
2024-03-18,N086,-0.059568
2024-03-18,N087,-0.028394
2024-03-18,N088,0.015491
2024-03-18,N089,0.011259
2024-03-18,N090,0.019841
2024-03-18,N091,0.006169
2024-03-18,N092,0.018305
2024-03-18,N093,0.020244
2024-03-18,N094,-0.016200
2024-03-18,N095,-0.008475
2024-03-18,N096,-0.010885
2024-03-18,N097,0.001400
2024-03-18,N098,-0.018017
2024-03-18,N099,-0.002772
2024-03-18,N100,0.011764
2024-03-18,N101,-0.017007
2024-03-18,N102,0.009591
2024-03-18,N103,-0.005434
2024-03-18,N104,-0.004042
2024-03-18,N105,-0.020012
2024-03-18,N106,0.000388
2024-03-18,N107,-0.006795
2024-03-18,N108,0.028461
2024-03-18,N109,0.000681
2024-03-18,N110,0.014743
2024-03-18,N111,0.025647
2024-03-18,N112,-0.027022
2024-03-18,N113,0.039903
2024-03-18,N114,-0.020791
2024-03-18,N115,-0.043122
2024-03-18,N116,0.009024
2024-03-18,N117,0.032265
2024-03-18,N118,-0.015100
2024-03-18,N119,0.019934
2024-03-19,N000,-0.003364
2024-03-19,N001,-0.029719
2024-03-19,N002,-0.001532
2024-03-19,N003,0.011948
2024-03-19,N004,0.019291
2024-03-19,N005,-0.007659
2024-03-19,N006,0.007889
2024-03-19,N007,-0.028189
2024-03-19,N008,0.005970
2024-03-19,N009,-0.044787
2024-03-19,N010,-0.023708
2024-03-19,N011,0.022951
2024-03-19,N012,-0.010665
2024-03-19,N013,0.017013
2024-03-19,N014,-0.003468
2024-03-19,N015,0.001530
2024-03-19,N016,-0.027730
2024-03-19,N017,-0.001227
2024-03-19,N018,0.024610
2024-03-19,N019,-0.010361
2024-03-19,N020,0.031415
2024-03-19,N021,0.006366
2024-03-19,N022,0.012610
2024-03-19,N023,-0.018706
2024-03-19,N024,-0.026133
2024-03-19,N025,0.001533
2024-03-19,N026,0.039384
2024-03-19,N027,-0.007734
2024-03-19,N028,0.008537
2024-03-19,N029,-0.020238
2024-03-19,N030,-0.001771
2024-03-19,N031,-0.004517
2024-03-19,N032,0.029701
2024-03-19,N033,0.037635
2024-03-19,N034,0.018175
2024-03-19,N035,0.011160
2024-03-19,N036,0.027725
2024-03-19,N037,-0.002032
2024-03-19,N038,0.030762
2024-03-19,N039,0.006914
2024-03-19,N040,-0.045559
2024-03-19,N041,0.024609
2024-03-19,N042,0.036494
2024-03-19,N043,-0.023665
2024-03-19,N044,0.009721
2024-03-19,N045,-0.027616
2024-03-19,N046,0.011240
2024-03-19,N047,-0.002177
2024-03-19,N048,-0.006028
2024-03-19,N049,-0.013088
2024-03-19,N050,0.004571
2024-03-19,N051,-0.046200
2024-03-19,N052,0.014772
2024-03-19,N053,0.002380
2024-03-19,N054,0.009636
2024-03-19,N055,-0.008529
2024-03-19,N056,-0.033459
2024-03-19,N057,-0.012636
2024-03-19,N058,0.026037
2024-03-19,N059,0.011965
2024-03-19,N060,0.024824
2024-03-19,N061,0.043380
2024-03-19,N062,0.031868
2024-03-19,N063,0.025475
2024-03-19,N064,-0.009796
2024-03-19,N065,0.018819
2024-03-19,N066,0.058779
2024-03-19,N067,0.012074
2024-03-19,N068,0.034015
2024-03-19,N069,-0.026830
2024-03-19,N070,0.025465
2024-03-19,N071,0.007829
2024-03-19,N072,0.015707
2024-03-19,N073,-0.011769
2024-03-19,N074,0.005112
2024-03-19,N075,0.009815
2024-03-19,N076,-0.032395
2024-03-19,N077,-0.018554
2024-03-19,N078,-0.016772
2024-03-19,N079,0.014546
2024-03-19,N080,-0.001902
2024-03-19,N081,0.023385
2024-03-19,N082,-0.010384
2024-03-19,N083,0.022209
2024-03-19,N084,-0.003580
2024-03-19,N085,-0.010698
2024-03-19,N086,-0.022505
2024-03-19,N087,0.008447
2024-03-19,N088,-0.019433
2024-03-19,N089,-0.006586
2024-03-19,N090,-0.006739
2024-03-19,N091,-0.005686
2024-03-19,N092,-0.024046
2024-03-19,N093,0.003500
2024-03-19,N094,-0.001129
2024-03-19,N095,0.019195
2024-03-19,N096,-0.008117
2024-03-19,N097,-0.015108
2024-03-19,N098,-0.004644
2024-03-19,N099,-0.013897
2024-03-19,N100,0.047350
2024-03-19,N101,0.009070
2024-03-19,N102,0.015031
2024-03-19,N103,-0.033794
2024-03-19,N104,-0.034450
2024-03-19,N105,0.007293
2024-03-19,N106,-0.018592
2024-03-19,N107,-0.007635
2024-03-19,N108,0.004915
2024-03-19,N109,-0.007133
2024-03-19,N110,0.012381
2024-03-19,N111,0.012130
2024-03-19,N112,0.011387
2024-03-19,N113,0.010271
2024-03-19,N114,0.008213
2024-03-19,N115,-0.010861
2024-03-19,N116,0.007543
2024-03-19,N117,0.013583
2024-03-19,N118,0.006119
2024-03-19,N119,0.015653
2024-03-20,N000,-0.009148
2024-03-20,N001,-0.014103
2024-03-20,N002,-0.018352
2024-03-20,N003,-0.033669
2024-03-20,N004,0.018601
2024-03-20,N005,-0.030781
2024-03-20,N006,0.013777
2024-03-20,N007,0.023584
2024-03-20,N008,0.022159
2024-03-20,N009,-0.021255
2024-03-20,N010,-0.007639
2024-03-20,N011,0.037674
2024-03-20,N012,0.010711
2024-03-20,N013,-0.001537
2024-03-20,N014,0.013919
2024-03-20,N015,0.013847
2024-03-20,N016,-0.004433
2024-03-20,N017,-0.018413
2024-03-20,N018,-0.000088
2024-03-20,N019,0.032206
2024-03-20,N020,0.017764
2024-03-20,N021,0.032554
2024-03-20,N022,-0.007832
2024-03-20,N023,-0.003285
2024-03-20,N024,-0.003020
2024-03-20,N025,-0.027926
2024-03-20,N026,0.022522
2024-03-20,N027,-0.001086
2024-03-20,N028,-0.006322
2024-03-20,N029,-0.014591
2024-03-20,N030,-0.019267
2024-03-20,N031,-0.017204
2024-03-20,N032,-0.008285
2024-03-20,N033,0.018492
2024-03-20,N034,-0.016991
2024-03-20,N035,0.019986
2024-03-20,N036,-0.002960
2024-03-20,N037,-0.004022
2024-03-20,N038,0.034483
2024-03-20,N039,0.012362
2024-03-20,N040,0.015427
2024-03-20,N041,0.005169
2024-03-20,N042,0.016716
2024-03-20,N043,-0.006834
2024-03-20,N044,0.014888
2024-03-20,N045,0.009328
2024-03-20,N046,-0.050329
2024-03-20,N047,0.022403
2024-03-20,N048,0.010741
2024-03-20,N049,-0.019131
2024-03-20,N050,-0.019442
2024-03-20,N051,-0.020602
2024-03-20,N052,-0.008372
2024-03-20,N053,-0.029675
2024-03-20,N054,0.007700
2024-03-20,N055,0.054038
2024-03-20,N056,0.006787
2024-03-20,N057,0.034466
2024-03-20,N058,0.024275
2024-03-20,N059,-0.029913
2024-03-20,N060,-0.003092
2024-03-20,N061,-0.007022
2024-03-20,N062,-0.037477
2024-03-20,N063,-0.053258
2024-03-20,N064,-0.019832
2024-03-20,N065,0.007161
2024-03-20,N066,0.031641
2024-03-20,N067,-0.010515
2024-03-20,N068,-0.014501
2024-03-20,N069,-0.008870
2024-03-20,N070,0.010097
2024-03-20,N071,-0.025307
2024-03-20,N072,-0.007617
2024-03-20,N073,0.038493
2024-03-20,N074,-0.034423
2024-03-20,N075,-0.045040
2024-03-20,N076,-0.025575
2024-03-20,N077,0.005635
2024-03-20,N078,-0.001266
2024-03-20,N079,-0.024765
2024-03-20,N080,-0.027412
2024-03-20,N081,0.011564
2024-03-20,N082,0.015843
2024-03-20,N083,-0.006612
2024-03-20,N084,-0.012109
2024-03-20,N085,-0.017011
2024-03-20,N086,0.001329
2024-03-20,N087,-0.013167
2024-03-20,N088,-0.002328
2024-03-20,N089,0.000518
2024-03-20,N090,-0.017835
2024-03-20,N091,-0.033917
2024-03-20,N092,-0.020991
2024-03-20,N093,-0.010312
2024-03-20,N094,0.021785
2024-03-20,N095,0.011988
2024-03-20,N096,0.003423
2024-03-20,N097,-0.010799
2024-03-20,N098,-0.023140
2024-03-20,N099,-0.014761
2024-03-20,N100,0.005774
2024-03-20,N101,0.025960
2024-03-20,N102,0.014965
2024-03-20,N103,0.018642
2024-03-20,N104,-0.016932
2024-03-20,N105,-0.015884
2024-03-20,N106,0.005881
2024-03-20,N107,-0.019429
2024-03-20,N108,-0.016957
2024-03-20,N109,0.001178
2024-03-20,N110,0.003872
2024-03-20,N111,-0.007780
2024-03-20,N112,-0.051837
2024-03-20,N113,-0.006663
2024-03-20,N114,-0.015323
2024-03-20,N115,-0.003392
2024-03-20,N116,-0.004998
2024-03-20,N117,-0.022330
2024-03-20,N118,0.000052
2024-03-20,N119,-0.029216
2024-03-21,N000,-0.029524
2024-03-21,N001,-0.002254
2024-03-21,N002,-0.016705
2024-03-21,N003,0.031552
2024-03-21,N004,-0.023652
2024-03-21,N005,0.027454
2024-03-21,N006,0.000651
2024-03-21,N007,-0.048971
2024-03-21,N008,0.011188
2024-03-21,N009,-0.034547
2024-03-21,N010,-0.010154
2024-03-21,N011,-0.000751
2024-03-21,N012,-0.018135
2024-03-21,N013,-0.000177
2024-03-21,N014,0.007648
2024-03-21,N015,0.007989
2024-03-21,N016,-0.001924
2024-03-21,N017,0.000612
2024-03-21,N018,-0.020202
2024-03-21,N019,-0.006662
2024-03-21,N020,-0.030296
2024-03-21,N021,-0.019344
2024-03-21,N022,0.029072
2024-03-21,N023,0.008587
2024-03-21,N024,-0.024845
2024-03-21,N025,0.009812
2024-03-21,N026,-0.000453
2024-03-21,N027,-0.035637
2024-03-21,N028,-0.000426
2024-03-21,N029,-0.033768
2024-03-21,N030,-0.013292
2024-03-21,N031,-0.037875
2024-03-21,N032,-0.027693
2024-03-21,N033,-0.029147
2024-03-21,N034,0.023362
2024-03-21,N035,0.015824
2024-03-21,N036,0.013656
2024-03-21,N037,0.008280
2024-03-21,N038,0.020513
2024-03-21,N039,-0.017132
2024-03-21,N040,0.008757
2024-03-21,N041,0.005942
2024-03-21,N042,0.013419
2024-03-21,N043,0.004007
2024-03-21,N044,0.002586
2024-03-21,N045,-0.021009
2024-03-21,N046,0.016662
2024-03-21,N047,-0.003683
2024-03-21,N048,-0.012467
2024-03-21,N049,-0.009057
2024-03-21,N050,0.000163
2024-03-21,N051,-0.018677
2024-03-21,N052,0.003592
2024-03-21,N053,-0.030894
2024-03-21,N054,-0.007039
2024-03-21,N055,0.016416
2024-03-21,N056,0.036570
2024-03-21,N057,-0.014343
2024-03-21,N058,0.045344
2024-03-21,N059,0.024162
2024-03-21,N060,0.003371
2024-03-21,N061,0.005736
2024-03-21,N062,0.022478
2024-03-21,N063,0.016923
2024-03-21,N064,-0.044225
2024-03-21,N065,0.009951
2024-03-21,N066,-0.011622
2024-03-21,N067,-0.026061
2024-03-21,N068,0.009465
2024-03-21,N069,0.031353
2024-03-21,N070,-0.024266
2024-03-21,N071,0.044274
2024-03-21,N072,-0.002751
2024-03-21,N073,0.012323
2024-03-21,N074,0.006728
2024-03-21,N075,0.030224
2024-03-21,N076,-0.002006
2024-03-21,N077,-0.013449
2024-03-21,N078,-0.003521
2024-03-21,N079,0.015989
2024-03-21,N080,0.011814
2024-03-21,N081,-0.008268
2024-03-21,N082,-0.010471
2024-03-21,N083,0.035687
2024-03-21,N084,-0.072602
2024-03-21,N085,-0.004093
2024-03-21,N086,-0.007736
2024-03-21,N087,-0.009367
2024-03-21,N088,-0.024096
2024-03-21,N089,-0.017763
2024-03-21,N090,0.035099
2024-03-21,N091,-0.043084
2024-03-21,N092,-0.005436
2024-03-21,N093,0.023716
2024-03-21,N094,0.017087
2024-03-21,N095,0.019555
2024-03-21,N096,-0.039677
2024-03-21,N097,0.037045
2024-03-21,N098,0.009233
2024-03-21,N099,0.024806
2024-03-21,N100,-0.007175
2024-03-21,N101,0.006974
2024-03-21,N102,-0.032877
2024-03-21,N103,0.009660
2024-03-21,N104,-0.012610
2024-03-21,N105,-0.000548
2024-03-21,N106,0.007179
2024-03-21,N107,-0.023978
2024-03-21,N108,0.005082
2024-03-21,N109,0.006730
2024-03-21,N110,0.009487
2024-03-21,N111,0.008646
2024-03-21,N112,-0.013090
2024-03-21,N113,0.047530
2024-03-21,N114,0.021933
2024-03-21,N115,0.002412
2024-03-21,N116,-0.014350
2024-03-21,N117,-0.047228
2024-03-21,N118,0.001209
2024-03-21,N119,0.013303
2024-03-22,N000,0.008355
2024-03-22,N001,-0.036638
2024-03-22,N002,0.011175
2024-03-22,N003,0.012346
2024-03-22,N004,0.017638
2024-03-22,N005,-0.044317
2024-03-22,N006,0.005508
2024-03-22,N007,-0.009836
2024-03-22,N008,-0.017839
2024-03-22,N009,0.024131
2024-03-22,N010,-0.023970
2024-03-22,N011,0.007006
2024-03-22,N012,-0.016476
2024-03-22,N013,-0.027357
2024-03-22,N014,0.011886
2024-03-22,N015,-0.022248
2024-03-22,N016,0.030504
2024-03-22,N017,-0.008529
2024-03-22,N018,0.012406
2024-03-22,N019,0.026901
2024-03-22,N020,-0.000193
2024-03-22,N021,0.027523
2024-03-22,N022,-0.033938
2024-03-22,N023,-0.016350
2024-03-22,N024,-0.006482
2024-03-22,N025,-0.041459
2024-03-22,N026,0.030341
2024-03-22,N027,-0.000577
2024-03-22,N028,-0.019265
2024-03-22,N029,-0.015553
2024-03-22,N030,0.032953
2024-03-22,N031,-0.022873
2024-03-22,N032,0.025283
2024-03-22,N033,-0.009916
2024-03-22,N034,0.010822
2024-03-22,N035,-0.016006
2024-03-22,N036,-0.009849
2024-03-22,N037,0.012524
2024-03-22,N038,-0.038764
2024-03-22,N039,-0.004282
2024-03-22,N040,0.001758
2024-03-22,N041,0.009888
2024-03-22,N042,0.008918
2024-03-22,N043,0.013872
2024-03-22,N044,0.028123
2024-03-22,N045,-0.015243
2024-03-22,N046,-0.003824
2024-03-22,N047,0.017933
2024-03-22,N048,-0.017214
2024-03-22,N049,-0.006661
2024-03-22,N050,0.009035
2024-03-22,N051,-0.005663
2024-03-22,N052,-0.007724
2024-03-22,N053,0.002381
2024-03-22,N054,0.001469
2024-03-22,N055,0.027663
2024-03-22,N056,-0.038715
2024-03-22,N057,-0.028559
2024-03-22,N058,-0.028085
2024-03-22,N059,-0.003950
2024-03-22,N060,0.059878
2024-03-22,N061,-0.032955
2024-03-22,N062,-0.022640
2024-03-22,N063,-0.019246
2024-03-22,N064,-0.014109
2024-03-22,N065,-0.007753
2024-03-22,N066,0.040193
2024-03-22,N067,0.026593
2024-03-22,N068,-0.023109
2024-03-22,N069,0.016796
2024-03-22,N070,0.009591
2024-03-22,N071,0.023628
2024-03-22,N072,-0.021108
2024-03-22,N073,-0.019541
2024-03-22,N074,-0.010239
2024-03-22,N075,0.004447
2024-03-22,N076,-0.006844
2024-03-22,N077,0.007395
2024-03-22,N078,0.016154
2024-03-22,N079,0.030912
2024-03-22,N080,0.005372
2024-03-22,N081,0.023841
2024-03-22,N082,-0.030189
2024-03-22,N083,-0.029501
2024-03-22,N084,0.023541
2024-03-22,N085,0.024016
2024-03-22,N086,0.013933
2024-03-22,N087,0.054645
2024-03-22,N088,0.028700
2024-03-22,N089,0.000351
2024-03-22,N090,-0.029458
2024-03-22,N091,0.010057
2024-03-22,N092,0.020997
2024-03-22,N093,0.009140
2024-03-22,N094,-0.015276
2024-03-22,N095,0.007500
2024-03-22,N096,-0.016331
2024-03-22,N097,0.008272
2024-03-22,N098,0.005194
2024-03-22,N099,0.004726
2024-03-22,N100,0.005466
2024-03-22,N101,0.008780
2024-03-22,N102,0.001280
2024-03-22,N103,-0.016808
2024-03-22,N104,-0.018926
2024-03-22,N105,-0.028532
2024-03-22,N106,0.025453
2024-03-22,N107,-0.015636
2024-03-22,N108,-0.010766
2024-03-22,N109,0.011232
2024-03-22,N110,-0.007103
2024-03-22,N111,-0.001059
2024-03-22,N112,-0.039974
2024-03-22,N113,0.002474
2024-03-22,N114,-0.022319
2024-03-22,N115,0.035926
2024-03-22,N116,0.012555
2024-03-22,N117,-0.002930
2024-03-22,N118,0.003898
2024-03-22,N119,0.005515
2024-03-25,N000,-0.011061
2024-03-25,N001,-0.013417
2024-03-25,N002,0.011665
2024-03-25,N003,0.004424
2024-03-25,N004,-0.041903
2024-03-25,N005,-0.029830
2024-03-25,N006,-0.009130
2024-03-25,N007,-0.036485
2024-03-25,N008,-0.028663
2024-03-25,N009,0.004913
2024-03-25,N010,0.007205
2024-03-25,N011,0.000262
2024-03-25,N012,0.012820
2024-03-25,N013,-0.005492
2024-03-25,N014,0.013116
2024-03-25,N015,-0.020044
2024-03-25,N016,0.015625
2024-03-25,N017,-0.039705
2024-03-25,N018,0.002393
2024-03-25,N019,-0.013649
2024-03-25,N020,0.035248
2024-03-25,N021,0.014460
2024-03-25,N022,-0.000422
2024-03-25,N023,-0.019227
2024-03-25,N024,0.006443
2024-03-25,N025,-0.012350
2024-03-25,N026,0.025860
2024-03-25,N027,0.001897
2024-03-25,N028,0.027801
2024-03-25,N029,-0.003236
2024-03-25,N030,0.017435
2024-03-25,N031,0.018156
2024-03-25,N032,-0.006180
2024-03-25,N033,-0.003403
2024-03-25,N034,-0.018538
2024-03-25,N035,0.007110
2024-03-25,N036,0.013600
2024-03-25,N037,-0.014085
2024-03-25,N038,0.040818
2024-03-25,N039,-0.001384
2024-03-25,N040,-0.006392
2024-03-25,N041,0.017467
2024-03-25,N042,0.030933
2024-03-25,N043,0.006351
2024-03-25,N044,-0.010279
2024-03-25,N045,-0.001434
2024-03-25,N046,0.039782
2024-03-25,N047,-0.029866
2024-03-25,N048,-0.006003
2024-03-25,N049,-0.022911
2024-03-25,N050,0.002202
2024-03-25,N051,-0.011251
2024-03-25,N052,-0.009066
2024-03-25,N053,0.009179
2024-03-25,N054,-0.008374
2024-03-25,N055,0.017373
2024-03-25,N056,-0.000796
2024-03-25,N057,-0.020760
2024-03-25,N058,0.006539
2024-03-25,N059,-0.002566
2024-03-25,N060,-0.055863
2024-03-25,N061,0.029406
2024-03-25,N062,-0.011893
2024-03-25,N063,-0.015173
2024-03-25,N064,-0.018738
2024-03-25,N065,-0.036015
2024-03-25,N066,0.027443
2024-03-25,N067,0.018453
2024-03-25,N068,0.009539
2024-03-25,N069,0.020148
2024-03-25,N070,-0.023546
2024-03-25,N071,-0.009734
2024-03-25,N072,0.000924
2024-03-25,N073,0.007630
2024-03-25,N074,0.018800
2024-03-25,N075,-0.014234
2024-03-25,N076,0.003957
2024-03-25,N077,-0.014343
2024-03-25,N078,-0.036799
2024-03-25,N079,-0.002203
2024-03-25,N080,0.000346
2024-03-25,N081,-0.013305
2024-03-25,N082,0.013825
2024-03-25,N083,-0.026427
2024-03-25,N084,0.016844
2024-03-25,N085,-0.016039
2024-03-25,N086,-0.003298
2024-03-25,N087,0.008125
2024-03-25,N088,0.033788
2024-03-25,N089,0.023105
2024-03-25,N090,-0.047095
2024-03-25,N091,0.034429
2024-03-25,N092,-0.008885
2024-03-25,N093,0.007817
2024-03-25,N094,0.008438
2024-03-25,N095,0.007550
2024-03-25,N096,0.001315
2024-03-25,N097,-0.024659
2024-03-25,N098,0.020046
2024-03-25,N099,0.029616
2024-03-25,N100,0.017007
2024-03-25,N101,0.004079
2024-03-25,N102,0.019297
2024-03-25,N103,0.029414
2024-03-25,N104,-0.034777
2024-03-25,N105,-0.015677
2024-03-25,N106,0.029332
2024-03-25,N107,-0.025958
2024-03-25,N108,-0.011529
2024-03-25,N109,-0.009488
2024-03-25,N110,-0.000708
2024-03-25,N111,-0.020848
2024-03-25,N112,-0.004743
2024-03-25,N113,0.041738
2024-03-25,N114,-0.016355
2024-03-25,N115,-0.006363
2024-03-25,N116,-0.000230
2024-03-25,N117,0.014581
2024-03-25,N118,0.007111
2024-03-25,N119,-0.035877
